#
# There is insufficient memory for the Java Runtime Environment to continue.
# Native memory allocation (malloc) failed to allocate 1464176 bytes. Error detail: Chunk::new
# Possible reasons:
#   The system is out of physical RAM or swap space
#   This process is running with CompressedOops enabled, and the Java Heap may be blocking the growth of the native heap
# Possible solutions:
#   Reduce memory load on the system
#   Increase physical memory or swap space
#   Check if swap backing store is full
#   Decrease Java heap size (-Xmx/-Xms)
#   Decrease number of Java threads
#   Decrease Java thread stack sizes (-Xss)
#   Set larger code cache with -XX:ReservedCodeCacheSize=
#   JVM is running with Unscaled Compressed Oops mode in which the Java heap is
#     placed in the first 4GB address space. The Java Heap base address is the
#     maximum limit for the native heap growth. Please use -XX:HeapBaseMinAddress
#     to set the Java Heap base and to place the Java Heap above 4GB virtual address.
# This output file may be truncated or incomplete.
#
#  Out of Memory Error (arena.cpp:150), pid=21892, tid=452
#
# JRE version: Java(TM) SE Runtime Environment (22.0.2+9) (build 22.0.2+9-70)
# Java VM: Java HotSpot(TM) 64-Bit Server VM (22.0.2+9-70, mixed mode, sharing, tiered, compressed oops, compressed class ptrs, g1 gc, windows-amd64)
# No core dump will be written. Minidumps are not enabled by default on client versions of Windows
#

---------------  S U M M A R Y ------------

Command Line: -DkotlinLanguageServer.version=1.3.13 org.javacs.kt.MainKt

Host: Intel(R) Core(TM) i5-8350U CPU @ 1.70GHz, 8 cores, 7G,  Windows 10 , 64 bit Build 19041 (10.0.19041.5794)
Time: Tue May 13 21:02:40 2025 SE Asia Standard Time elapsed time: 69.912704 seconds (0d 0h 1m 9s)

---------------  T H R E A D  ---------------

Current thread (0x000002df1decb1b0):  JavaThread "C2 CompilerThread1" daemon [_thread_in_native, id=452, stack(0x000000fccbe00000,0x000000fccbf00000) (1024K)]


Current CompileTask:
C2:69913 16309       4       org.jetbrains.kotlin.resolve.calls.CallResolver::doResolveCallOrGetCachedResults (378 bytes)

Stack: [0x000000fccbe00000,0x000000fccbf00000]
Native frames: (J=compiled Java code, j=interpreted, Vv=VM code, C=native code)
V  [jvm.dll+0x6e26e9]  (no source info available)
V  [jvm.dll+0x875753]  (no source info available)
V  [jvm.dll+0x877b7e]  (no source info available)
V  [jvm.dll+0x878253]  (no source info available)
V  [jvm.dll+0x27fc86]  (no source info available)
V  [jvm.dll+0xc3d0f]  (no source info available)
V  [jvm.dll+0xc3f6b]  (no source info available)
V  [jvm.dll+0x3bb442]  (no source info available)
V  [jvm.dll+0x1df4ac]  (no source info available)
V  [jvm.dll+0x24793c]  (no source info available)
V  [jvm.dll+0x246e9f]  (no source info available)
V  [jvm.dll+0x1c4e80]  (no source info available)
V  [jvm.dll+0x2568f3]  (no source info available)
V  [jvm.dll+0x254baa]  (no source info available)
V  [jvm.dll+0x3f57a6]  (no source info available)
V  [jvm.dll+0x81dc0b]  (no source info available)
V  [jvm.dll+0x6e0d85]  (no source info available)
C  [ucrtbase.dll+0x21bb2]  (no source info available)
C  [KERNEL32.DLL+0x17374]  (no source info available)
C  [ntdll.dll+0x4cc91]  (no source info available)


---------------  P R O C E S S  ---------------

Threads class SMR info:
_java_thread_list=0x000002df1f7a7660, length=17, elements={
0x000002decdf176f0, 0x000002decdf18410, 0x000002decdf1c410, 0x000002decdf1f630,
0x000002decdf400a0, 0x000002decdf48b10, 0x000002decdf4f1c0, 0x000002decdf525a0,
0x000002df13223090, 0x000002df1322df50, 0x000002df14e29030, 0x000002deaf8baa00,
0x000002df1e069da0, 0x000002df1e06b7e0, 0x000002df1e06aac0, 0x000002df1ee3ab50,
0x000002df1decb1b0
}

Java Threads: ( => current thread )
  0x000002decdf176f0 JavaThread "Reference Handler"          daemon [_thread_blocked, id=12848, stack(0x000000fccc900000,0x000000fccca00000) (1024K)]
  0x000002decdf18410 JavaThread "Finalizer"                  daemon [_thread_blocked, id=22224, stack(0x000000fccca00000,0x000000fcccb00000) (1024K)]
  0x000002decdf1c410 JavaThread "Signal Dispatcher"          daemon [_thread_blocked, id=18460, stack(0x000000fcccb00000,0x000000fcccc00000) (1024K)]
  0x000002decdf1f630 JavaThread "Attach Listener"            daemon [_thread_blocked, id=15824, stack(0x000000fcccc00000,0x000000fcccd00000) (1024K)]
  0x000002decdf400a0 JavaThread "Service Thread"             daemon [_thread_blocked, id=6604, stack(0x000000fcccd00000,0x000000fccce00000) (1024K)]
  0x000002decdf48b10 JavaThread "Monitor Deflation Thread"   daemon [_thread_blocked, id=18696, stack(0x000000fccce00000,0x000000fcccf00000) (1024K)]
  0x000002decdf4f1c0 JavaThread "C2 CompilerThread0"         daemon [_thread_in_native, id=4244, stack(0x000000fcccf00000,0x000000fccd000000) (1024K)]
  0x000002decdf525a0 JavaThread "C1 CompilerThread0"         daemon [_thread_blocked, id=10276, stack(0x000000fccd000000,0x000000fccd100000) (1024K)]
  0x000002df13223090 JavaThread "Notification Thread"        daemon [_thread_blocked, id=3824, stack(0x000000fccd100000,0x000000fccd200000) (1024K)]
  0x000002df1322df50 JavaThread "Common-Cleaner"             daemon [_thread_blocked, id=14332, stack(0x000000fccd200000,0x000000fccd300000) (1024K)]
  0x000002df14e29030 JavaThread "client"                            [_thread_in_native, id=15608, stack(0x000000fccdb00000,0x000000fccdc00000) (1024K)]
  0x000002deaf8baa00 JavaThread "DestroyJavaVM"                     [_thread_blocked, id=16140, stack(0x000000fccc100000,0x000000fccc200000) (1024K)]
  0x000002df1e069da0 JavaThread "async0"                            [_thread_blocked, id=16908, stack(0x000000fccdc00000,0x000000fccdd00000) (1024K)]
  0x000002df1e06b7e0 JavaThread "async1"                            [_thread_blocked, id=7040, stack(0x000000fccde00000,0x000000fccdf00000) (1024K)]
  0x000002df1e06aac0 JavaThread "debounce0"                         [_thread_in_Java, id=3140, stack(0x000000fccdf00000,0x000000fcce000000) (1024K)]
  0x000002df1ee3ab50 JavaThread "async2"                            [_thread_blocked, id=18948, stack(0x000000fcce000000,0x000000fcce100000) (1024K)]
=>0x000002df1decb1b0 JavaThread "C2 CompilerThread1"         daemon [_thread_in_native, id=452, stack(0x000000fccbe00000,0x000000fccbf00000) (1024K)]
Total: 17

Other Threads:
  0x000002decdefbb00 VMThread "VM Thread"                           [id=18440, stack(0x000000fccc800000,0x000000fccc900000) (1024K)]
  0x000002decdee1660 WatcherThread "VM Periodic Task Thread"        [id=10860, stack(0x000000fccc700000,0x000000fccc800000) (1024K)]
  0x000002deaf914c30 WorkerThread "GC Thread#0"                     [id=14600, stack(0x000000fccc200000,0x000000fccc300000) (1024K)]
  0x000002df13a73490 WorkerThread "GC Thread#1"                     [id=22332, stack(0x000000fccd300000,0x000000fccd400000) (1024K)]
  0x000002df13a3afb0 WorkerThread "GC Thread#2"                     [id=15212, stack(0x000000fccd400000,0x000000fccd500000) (1024K)]
  0x000002df13a3b360 WorkerThread "GC Thread#3"                     [id=8492, stack(0x000000fccd500000,0x000000fccd600000) (1024K)]
  0x000002df13a3b710 WorkerThread "GC Thread#4"                     [id=11536, stack(0x000000fccd600000,0x000000fccd700000) (1024K)]
  0x000002df13a3bac0 WorkerThread "GC Thread#5"                     [id=1880, stack(0x000000fccd700000,0x000000fccd800000) (1024K)]
  0x000002df13a3be70 WorkerThread "GC Thread#6"                     [id=18588, stack(0x000000fccd800000,0x000000fccd900000) (1024K)]
  0x000002df145e2520 WorkerThread "GC Thread#7"                     [id=11156, stack(0x000000fccd900000,0x000000fccda00000) (1024K)]
  0x000002deaf924fe0 ConcurrentGCThread "G1 Main Marker"            [id=12372, stack(0x000000fccc300000,0x000000fccc400000) (1024K)]
  0x000002deaf925ca0 WorkerThread "G1 Conc#0"                       [id=2096, stack(0x000000fccc400000,0x000000fccc500000) (1024K)]
  0x000002df14630cf0 WorkerThread "G1 Conc#1"                       [id=3640, stack(0x000000fccda00000,0x000000fccdb00000) (1024K)]
  0x000002decddb75a0 ConcurrentGCThread "G1 Refine#0"               [id=15216, stack(0x000000fccc500000,0x000000fccc600000) (1024K)]
  0x000002decddb8030 ConcurrentGCThread "G1 Service"                [id=10368, stack(0x000000fccc600000,0x000000fccc700000) (1024K)]
Total: 15

Threads with active compile tasks:
C2 CompilerThread0  70361 16308       4       org.jetbrains.kotlin.resolve.calls.tower.PSICallResolver::toKotlinCall (702 bytes)
C2 CompilerThread1  70361 16309       4       org.jetbrains.kotlin.resolve.calls.CallResolver::doResolveCallOrGetCachedResults (378 bytes)
Total: 2

VM state: not at safepoint (normal execution)

VM Mutex/Monitor currently owned by a thread: None

Heap address: 0x0000000086200000, size: 1950 MB, Compressed Oops mode: 32-bit

CDS archive(s) mapped at: [0x000002dece000000-0x000002decec60000-0x000002decec60000), size 12976128, SharedBaseAddress: 0x000002dece000000, ArchiveRelocationMode: 1.
Compressed class space mapped at: 0x000002decf000000-0x000002df0f000000, reserved size: 1073741824
Narrow klass base: 0x000002dece000000, Narrow klass shift: 0, Narrow klass range: 0x41000000

GC Precious Log:
 CardTable entry size: 512
 Card Set container configuration: InlinePtr #cards 5 size 8 Array Of Cards #cards 12 size 40 Howl #buckets 4 coarsen threshold 1843 Howl Bitmap #cards 512 size 80 coarsen threshold 460 Card regions per heap region 1 cards per card region 2048
 CPUs: 8 total, 8 available
 Memory: 7797M
 Large Page Support: Disabled
 NUMA Support: Disabled
 Compressed Oops: Enabled (32-bit)
 Heap Region Size: 1M
 Heap Min Capacity: 8M
 Heap Initial Capacity: 122M
 Heap Max Capacity: 1950M
 Pre-touch: Disabled
 Parallel Workers: 8
 Concurrent Workers: 2
 Concurrent Refinement Workers: 8
 Periodic GC: Disabled

Heap:
 garbage-first heap   total reserved 1996800K, committed 370688K, used 285421K [0x0000000086200000, 0x0000000100000000)
  region size 1024K, 68 young (69632K), 5 survivors (5120K)
 Metaspace       used 76516K, committed 77568K, reserved 1179648K
  class space    used 8802K, committed 9280K, reserved 1048576K

Heap Regions: E=young(eden), S=young(survivor), O=old, HS=humongous(starts), HC=humongous(continues), CS=collection set, F=free, TAMS=top-at-mark-start, PB=parsable bottom
|   0|0x0000000086200000, 0x0000000086300000, 0x0000000086300000|100%|HS|  |TAMS 0x0000000086200000| PB 0x0000000086200000| Complete |  0
|   1|0x0000000086300000, 0x0000000086400000, 0x0000000086400000|100%|HC|  |TAMS 0x0000000086300000| PB 0x0000000086300000| Complete |  0
|   2|0x0000000086400000, 0x0000000086500000, 0x0000000086500000|100%|HC|  |TAMS 0x0000000086400000| PB 0x0000000086400000| Complete |  0
|   3|0x0000000086500000, 0x0000000086600000, 0x0000000086600000|100%|HC|  |TAMS 0x0000000086500000| PB 0x0000000086500000| Complete |  0
|   4|0x0000000086600000, 0x0000000086700000, 0x0000000086700000|100%| O|  |TAMS 0x0000000086600000| PB 0x0000000086600000| Untracked |  0
|   5|0x0000000086700000, 0x0000000086800000, 0x0000000086800000|100%| O|  |TAMS 0x0000000086700000| PB 0x0000000086700000| Untracked |  0
|   6|0x0000000086800000, 0x0000000086900000, 0x0000000086900000|100%| O|  |TAMS 0x0000000086800000| PB 0x0000000086800000| Untracked |  0
|   7|0x0000000086900000, 0x0000000086a00000, 0x0000000086a00000|100%| O|  |TAMS 0x0000000086900000| PB 0x0000000086900000| Untracked |  0
|   8|0x0000000086a00000, 0x0000000086b00000, 0x0000000086b00000|100%| O|  |TAMS 0x0000000086a00000| PB 0x0000000086a00000| Untracked |  0
|   9|0x0000000086b00000, 0x0000000086c00000, 0x0000000086c00000|100%| O|  |TAMS 0x0000000086b00000| PB 0x0000000086b00000| Untracked |  0
|  10|0x0000000086c00000, 0x0000000086d00000, 0x0000000086d00000|100%| O|  |TAMS 0x0000000086c00000| PB 0x0000000086c00000| Untracked |  0
|  11|0x0000000086d00000, 0x0000000086e00000, 0x0000000086e00000|100%| O|  |TAMS 0x0000000086d00000| PB 0x0000000086d00000| Untracked |  0
|  12|0x0000000086e00000, 0x0000000086f00000, 0x0000000086f00000|100%| O|  |TAMS 0x0000000086e00000| PB 0x0000000086e00000| Untracked |  0
|  13|0x0000000086f00000, 0x0000000087000000, 0x0000000087000000|100%| O|  |TAMS 0x0000000086f00000| PB 0x0000000086f00000| Untracked |  0
|  14|0x0000000087000000, 0x0000000087100000, 0x0000000087100000|100%| O|  |TAMS 0x0000000087000000| PB 0x0000000087000000| Untracked |  0
|  15|0x0000000087100000, 0x0000000087200000, 0x0000000087200000|100%| O|  |TAMS 0x0000000087100000| PB 0x0000000087100000| Untracked |  0
|  16|0x0000000087200000, 0x0000000087300000, 0x0000000087300000|100%| O|  |TAMS 0x0000000087200000| PB 0x0000000087200000| Untracked |  0
|  17|0x0000000087300000, 0x0000000087400000, 0x0000000087400000|100%| O|  |TAMS 0x0000000087300000| PB 0x0000000087300000| Untracked |  0
|  18|0x0000000087400000, 0x0000000087500000, 0x0000000087500000|100%| O|  |TAMS 0x0000000087400000| PB 0x0000000087400000| Untracked |  0
|  19|0x0000000087500000, 0x0000000087600000, 0x0000000087600000|100%| O|  |TAMS 0x0000000087500000| PB 0x0000000087500000| Untracked |  0
|  20|0x0000000087600000, 0x0000000087700000, 0x0000000087700000|100%| O|  |TAMS 0x0000000087600000| PB 0x0000000087600000| Untracked |  0
|  21|0x0000000087700000, 0x0000000087800000, 0x0000000087800000|100%| O|  |TAMS 0x0000000087700000| PB 0x0000000087700000| Untracked |  0
|  22|0x0000000087800000, 0x0000000087900000, 0x0000000087900000|100%| O|  |TAMS 0x0000000087800000| PB 0x0000000087800000| Untracked |  0
|  23|0x0000000087900000, 0x0000000087a00000, 0x0000000087a00000|100%| O|  |TAMS 0x0000000087900000| PB 0x0000000087900000| Untracked |  0
|  24|0x0000000087a00000, 0x0000000087b00000, 0x0000000087b00000|100%| O|  |TAMS 0x0000000087a00000| PB 0x0000000087a00000| Untracked |  0
|  25|0x0000000087b00000, 0x0000000087c00000, 0x0000000087c00000|100%| O|  |TAMS 0x0000000087b00000| PB 0x0000000087b00000| Untracked |  0
|  26|0x0000000087c00000, 0x0000000087d00000, 0x0000000087d00000|100%| O|  |TAMS 0x0000000087c00000| PB 0x0000000087c00000| Untracked |  0
|  27|0x0000000087d00000, 0x0000000087e00000, 0x0000000087e00000|100%| O|  |TAMS 0x0000000087d00000| PB 0x0000000087d00000| Untracked |  0
|  28|0x0000000087e00000, 0x0000000087f00000, 0x0000000087f00000|100%| O|  |TAMS 0x0000000087e00000| PB 0x0000000087e00000| Untracked |  0
|  29|0x0000000087f00000, 0x0000000088000000, 0x0000000088000000|100%| O|  |TAMS 0x0000000087f00000| PB 0x0000000087f00000| Untracked |  0
|  30|0x0000000088000000, 0x0000000088100000, 0x0000000088100000|100%| O|  |TAMS 0x0000000088000000| PB 0x0000000088000000| Untracked |  0
|  31|0x0000000088100000, 0x0000000088200000, 0x0000000088200000|100%| O|  |TAMS 0x0000000088100000| PB 0x0000000088100000| Untracked |  0
|  32|0x0000000088200000, 0x0000000088300000, 0x0000000088300000|100%| O|  |TAMS 0x0000000088200000| PB 0x0000000088200000| Untracked |  0
|  33|0x0000000088300000, 0x0000000088400000, 0x0000000088400000|100%| O|  |TAMS 0x0000000088300000| PB 0x0000000088300000| Untracked |  0
|  34|0x0000000088400000, 0x0000000088500000, 0x0000000088500000|100%| O|  |TAMS 0x0000000088400000| PB 0x0000000088400000| Untracked |  0
|  35|0x0000000088500000, 0x0000000088600000, 0x0000000088600000|100%| O|  |TAMS 0x0000000088500000| PB 0x0000000088500000| Untracked |  0
|  36|0x0000000088600000, 0x0000000088700000, 0x0000000088700000|100%| O|  |TAMS 0x0000000088600000| PB 0x0000000088600000| Untracked |  0
|  37|0x0000000088700000, 0x0000000088800000, 0x0000000088800000|100%| O|  |TAMS 0x0000000088700000| PB 0x0000000088700000| Untracked |  0
|  38|0x0000000088800000, 0x0000000088900000, 0x0000000088900000|100%| O|  |TAMS 0x0000000088800000| PB 0x0000000088800000| Untracked |  0
|  39|0x0000000088900000, 0x0000000088a00000, 0x0000000088a00000|100%| O|  |TAMS 0x0000000088900000| PB 0x0000000088900000| Untracked |  0
|  40|0x0000000088a00000, 0x0000000088b00000, 0x0000000088b00000|100%| O|  |TAMS 0x0000000088a00000| PB 0x0000000088a00000| Untracked |  0
|  41|0x0000000088b00000, 0x0000000088c00000, 0x0000000088c00000|100%| O|  |TAMS 0x0000000088b00000| PB 0x0000000088b00000| Untracked |  0
|  42|0x0000000088c00000, 0x0000000088d00000, 0x0000000088d00000|100%| O|  |TAMS 0x0000000088c00000| PB 0x0000000088c00000| Untracked |  0
|  43|0x0000000088d00000, 0x0000000088e00000, 0x0000000088e00000|100%| O|  |TAMS 0x0000000088d00000| PB 0x0000000088d00000| Untracked |  0
|  44|0x0000000088e00000, 0x0000000088f00000, 0x0000000088f00000|100%| O|  |TAMS 0x0000000088e00000| PB 0x0000000088e00000| Untracked |  0
|  45|0x0000000088f00000, 0x0000000089000000, 0x0000000089000000|100%| O|  |TAMS 0x0000000088f00000| PB 0x0000000088f00000| Untracked |  0
|  46|0x0000000089000000, 0x0000000089100000, 0x0000000089100000|100%| O|  |TAMS 0x0000000089000000| PB 0x0000000089000000| Untracked |  0
|  47|0x0000000089100000, 0x0000000089200000, 0x0000000089200000|100%| O|  |TAMS 0x0000000089100000| PB 0x0000000089100000| Untracked |  0
|  48|0x0000000089200000, 0x0000000089300000, 0x0000000089300000|100%| O|  |TAMS 0x0000000089200000| PB 0x0000000089200000| Untracked |  0
|  49|0x0000000089300000, 0x0000000089400000, 0x0000000089400000|100%| O|  |TAMS 0x0000000089300000| PB 0x0000000089300000| Untracked |  0
|  50|0x0000000089400000, 0x0000000089500000, 0x0000000089500000|100%| O|  |TAMS 0x0000000089400000| PB 0x0000000089400000| Untracked |  0
|  51|0x0000000089500000, 0x0000000089600000, 0x0000000089600000|100%| O|  |TAMS 0x0000000089500000| PB 0x0000000089500000| Untracked |  0
|  52|0x0000000089600000, 0x0000000089700000, 0x0000000089700000|100%| O|  |TAMS 0x0000000089600000| PB 0x0000000089600000| Untracked |  0
|  53|0x0000000089700000, 0x0000000089800000, 0x0000000089800000|100%| O|  |TAMS 0x0000000089700000| PB 0x0000000089700000| Untracked |  0
|  54|0x0000000089800000, 0x0000000089900000, 0x0000000089900000|100%| O|  |TAMS 0x0000000089800000| PB 0x0000000089800000| Untracked |  0
|  55|0x0000000089900000, 0x0000000089a00000, 0x0000000089a00000|100%| O|  |TAMS 0x0000000089900000| PB 0x0000000089900000| Untracked |  0
|  56|0x0000000089a00000, 0x0000000089b00000, 0x0000000089b00000|100%| O|  |TAMS 0x0000000089a00000| PB 0x0000000089a00000| Untracked |  0
|  57|0x0000000089b00000, 0x0000000089c00000, 0x0000000089c00000|100%| O|  |TAMS 0x0000000089b00000| PB 0x0000000089b00000| Untracked |  0
|  58|0x0000000089c00000, 0x0000000089d00000, 0x0000000089d00000|100%| O|  |TAMS 0x0000000089c00000| PB 0x0000000089c00000| Untracked |  0
|  59|0x0000000089d00000, 0x0000000089e00000, 0x0000000089e00000|100%| O|  |TAMS 0x0000000089d00000| PB 0x0000000089d00000| Untracked |  0
|  60|0x0000000089e00000, 0x0000000089f00000, 0x0000000089f00000|100%| O|  |TAMS 0x0000000089e00000| PB 0x0000000089e00000| Untracked |  0
|  61|0x0000000089f00000, 0x000000008a000000, 0x000000008a000000|100%| O|  |TAMS 0x0000000089f00000| PB 0x0000000089f00000| Untracked |  0
|  62|0x000000008a000000, 0x000000008a100000, 0x000000008a100000|100%| O|  |TAMS 0x000000008a000000| PB 0x000000008a000000| Untracked |  0
|  63|0x000000008a100000, 0x000000008a200000, 0x000000008a200000|100%| O|  |TAMS 0x000000008a100000| PB 0x000000008a100000| Untracked |  0
|  64|0x000000008a200000, 0x000000008a300000, 0x000000008a300000|100%| O|  |TAMS 0x000000008a200000| PB 0x000000008a200000| Untracked |  0
|  65|0x000000008a300000, 0x000000008a400000, 0x000000008a400000|100%| O|  |TAMS 0x000000008a300000| PB 0x000000008a300000| Untracked |  0
|  66|0x000000008a400000, 0x000000008a500000, 0x000000008a500000|100%| O|  |TAMS 0x000000008a400000| PB 0x000000008a400000| Untracked |  0
|  67|0x000000008a500000, 0x000000008a600000, 0x000000008a600000|100%| O|  |TAMS 0x000000008a500000| PB 0x000000008a500000| Untracked |  0
|  68|0x000000008a600000, 0x000000008a700000, 0x000000008a700000|100%| O|  |TAMS 0x000000008a600000| PB 0x000000008a600000| Untracked |  0
|  69|0x000000008a700000, 0x000000008a800000, 0x000000008a800000|100%| O|  |TAMS 0x000000008a700000| PB 0x000000008a700000| Untracked |  0
|  70|0x000000008a800000, 0x000000008a900000, 0x000000008a900000|100%| O|  |TAMS 0x000000008a800000| PB 0x000000008a800000| Untracked |  0
|  71|0x000000008a900000, 0x000000008aa00000, 0x000000008aa00000|100%| O|  |TAMS 0x000000008a900000| PB 0x000000008a900000| Untracked |  0
|  72|0x000000008aa00000, 0x000000008ab00000, 0x000000008ab00000|100%| O|  |TAMS 0x000000008aa00000| PB 0x000000008aa00000| Untracked |  0
|  73|0x000000008ab00000, 0x000000008ac00000, 0x000000008ac00000|100%| O|  |TAMS 0x000000008ab00000| PB 0x000000008ab00000| Untracked |  0
|  74|0x000000008ac00000, 0x000000008ad00000, 0x000000008ad00000|100%| O|  |TAMS 0x000000008ac00000| PB 0x000000008ac00000| Untracked |  0
|  75|0x000000008ad00000, 0x000000008ae00000, 0x000000008ae00000|100%| O|  |TAMS 0x000000008ad00000| PB 0x000000008ad00000| Untracked |  0
|  76|0x000000008ae00000, 0x000000008af00000, 0x000000008af00000|100%| O|  |TAMS 0x000000008ae00000| PB 0x000000008ae00000| Untracked |  0
|  77|0x000000008af00000, 0x000000008b000000, 0x000000008b000000|100%| O|  |TAMS 0x000000008af00000| PB 0x000000008af00000| Untracked |  0
|  78|0x000000008b000000, 0x000000008b100000, 0x000000008b100000|100%| O|  |TAMS 0x000000008b000000| PB 0x000000008b000000| Untracked |  0
|  79|0x000000008b100000, 0x000000008b200000, 0x000000008b200000|100%| O|  |TAMS 0x000000008b100000| PB 0x000000008b100000| Untracked |  0
|  80|0x000000008b200000, 0x000000008b300000, 0x000000008b300000|100%| O|  |TAMS 0x000000008b200000| PB 0x000000008b200000| Untracked |  0
|  81|0x000000008b300000, 0x000000008b400000, 0x000000008b400000|100%| O|  |TAMS 0x000000008b300000| PB 0x000000008b300000| Untracked |  0
|  82|0x000000008b400000, 0x000000008b500000, 0x000000008b500000|100%| O|  |TAMS 0x000000008b400000| PB 0x000000008b400000| Untracked |  0
|  83|0x000000008b500000, 0x000000008b600000, 0x000000008b600000|100%| O|  |TAMS 0x000000008b500000| PB 0x000000008b500000| Untracked |  0
|  84|0x000000008b600000, 0x000000008b700000, 0x000000008b700000|100%| O|  |TAMS 0x000000008b600000| PB 0x000000008b600000| Untracked |  0
|  85|0x000000008b700000, 0x000000008b800000, 0x000000008b800000|100%| O|  |TAMS 0x000000008b700000| PB 0x000000008b700000| Untracked |  0
|  86|0x000000008b800000, 0x000000008b900000, 0x000000008b900000|100%| O|  |TAMS 0x000000008b800000| PB 0x000000008b800000| Untracked |  0
|  87|0x000000008b900000, 0x000000008ba00000, 0x000000008ba00000|100%| O|  |TAMS 0x000000008b900000| PB 0x000000008b900000| Untracked |  0
|  88|0x000000008ba00000, 0x000000008bb00000, 0x000000008bb00000|100%| O|  |TAMS 0x000000008ba00000| PB 0x000000008ba00000| Untracked |  0
|  89|0x000000008bb00000, 0x000000008bc00000, 0x000000008bc00000|100%| O|  |TAMS 0x000000008bb00000| PB 0x000000008bb00000| Untracked |  0
|  90|0x000000008bc00000, 0x000000008bd00000, 0x000000008bd00000|100%| O|  |TAMS 0x000000008bc00000| PB 0x000000008bc00000| Untracked |  0
|  91|0x000000008bd00000, 0x000000008be00000, 0x000000008be00000|100%| O|  |TAMS 0x000000008bd00000| PB 0x000000008bd00000| Untracked |  0
|  92|0x000000008be00000, 0x000000008bf00000, 0x000000008bf00000|100%| O|  |TAMS 0x000000008be00000| PB 0x000000008be00000| Untracked |  0
|  93|0x000000008bf00000, 0x000000008c000000, 0x000000008c000000|100%| O|  |TAMS 0x000000008bf00000| PB 0x000000008bf00000| Untracked |  0
|  94|0x000000008c000000, 0x000000008c100000, 0x000000008c100000|100%| O|  |TAMS 0x000000008c000000| PB 0x000000008c000000| Untracked |  0
|  95|0x000000008c100000, 0x000000008c200000, 0x000000008c200000|100%| O|  |TAMS 0x000000008c100000| PB 0x000000008c100000| Untracked |  0
|  96|0x000000008c200000, 0x000000008c300000, 0x000000008c300000|100%| O|  |TAMS 0x000000008c200000| PB 0x000000008c200000| Untracked |  0
|  97|0x000000008c300000, 0x000000008c400000, 0x000000008c400000|100%| O|  |TAMS 0x000000008c300000| PB 0x000000008c300000| Untracked |  0
|  98|0x000000008c400000, 0x000000008c500000, 0x000000008c500000|100%| O|  |TAMS 0x000000008c400000| PB 0x000000008c400000| Untracked |  0
|  99|0x000000008c500000, 0x000000008c600000, 0x000000008c600000|100%| O|  |TAMS 0x000000008c500000| PB 0x000000008c500000| Untracked |  0
| 100|0x000000008c600000, 0x000000008c700000, 0x000000008c700000|100%| O|  |TAMS 0x000000008c600000| PB 0x000000008c600000| Untracked |  0
| 101|0x000000008c700000, 0x000000008c800000, 0x000000008c800000|100%| O|  |TAMS 0x000000008c700000| PB 0x000000008c700000| Untracked |  0
| 102|0x000000008c800000, 0x000000008c900000, 0x000000008c900000|100%| O|  |TAMS 0x000000008c800000| PB 0x000000008c800000| Untracked |  0
| 103|0x000000008c900000, 0x000000008ca00000, 0x000000008ca00000|100%| O|  |TAMS 0x000000008c900000| PB 0x000000008c900000| Untracked |  0
| 104|0x000000008ca00000, 0x000000008cb00000, 0x000000008cb00000|100%| O|  |TAMS 0x000000008ca00000| PB 0x000000008ca00000| Untracked |  0
| 105|0x000000008cb00000, 0x000000008cc00000, 0x000000008cc00000|100%| O|  |TAMS 0x000000008cb00000| PB 0x000000008cb00000| Untracked |  0
| 106|0x000000008cc00000, 0x000000008cd00000, 0x000000008cd00000|100%| O|Cm|TAMS 0x000000008cc00000| PB 0x000000008cc00000| Complete |  0
| 107|0x000000008cd00000, 0x000000008ce00000, 0x000000008ce00000|100%| O|  |TAMS 0x000000008cd00000| PB 0x000000008cd00000| Untracked |  0
| 108|0x000000008ce00000, 0x000000008cf00000, 0x000000008cf00000|100%| O|  |TAMS 0x000000008ce00000| PB 0x000000008ce00000| Untracked |  0
| 109|0x000000008cf00000, 0x000000008d000000, 0x000000008d000000|100%| O|  |TAMS 0x000000008cf00000| PB 0x000000008cf00000| Untracked |  0
| 110|0x000000008d000000, 0x000000008d100000, 0x000000008d100000|100%| O|  |TAMS 0x000000008d000000| PB 0x000000008d000000| Untracked |  0
| 111|0x000000008d100000, 0x000000008d200000, 0x000000008d200000|100%| O|  |TAMS 0x000000008d100000| PB 0x000000008d100000| Untracked |  0
| 112|0x000000008d200000, 0x000000008d300000, 0x000000008d300000|100%| O|  |TAMS 0x000000008d200000| PB 0x000000008d200000| Untracked |  0
| 113|0x000000008d300000, 0x000000008d400000, 0x000000008d400000|100%| O|  |TAMS 0x000000008d300000| PB 0x000000008d300000| Untracked |  0
| 114|0x000000008d400000, 0x000000008d500000, 0x000000008d500000|100%| O|  |TAMS 0x000000008d400000| PB 0x000000008d400000| Untracked |  0
| 115|0x000000008d500000, 0x000000008d600000, 0x000000008d600000|100%| O|  |TAMS 0x000000008d500000| PB 0x000000008d500000| Untracked |  0
| 116|0x000000008d600000, 0x000000008d700000, 0x000000008d700000|100%| O|  |TAMS 0x000000008d600000| PB 0x000000008d600000| Untracked |  0
| 117|0x000000008d700000, 0x000000008d800000, 0x000000008d800000|100%| O|  |TAMS 0x000000008d700000| PB 0x000000008d700000| Untracked |  0
| 118|0x000000008d800000, 0x000000008d900000, 0x000000008d900000|100%| O|  |TAMS 0x000000008d800000| PB 0x000000008d800000| Untracked |  0
| 119|0x000000008d900000, 0x000000008da00000, 0x000000008da00000|100%| O|  |TAMS 0x000000008d900000| PB 0x000000008d900000| Untracked |  0
| 120|0x000000008da00000, 0x000000008db00000, 0x000000008db00000|100%| O|  |TAMS 0x000000008da00000| PB 0x000000008da00000| Untracked |  0
| 121|0x000000008db00000, 0x000000008dc00000, 0x000000008dc00000|100%| O|  |TAMS 0x000000008db00000| PB 0x000000008db00000| Untracked |  0
| 122|0x000000008dc00000, 0x000000008dd00000, 0x000000008dd00000|100%| O|  |TAMS 0x000000008dc00000| PB 0x000000008dc00000| Untracked |  0
| 123|0x000000008dd00000, 0x000000008de00000, 0x000000008de00000|100%| O|  |TAMS 0x000000008dd00000| PB 0x000000008dd00000| Untracked |  0
| 124|0x000000008de00000, 0x000000008df00000, 0x000000008df00000|100%| O|  |TAMS 0x000000008de00000| PB 0x000000008de00000| Untracked |  0
| 125|0x000000008df00000, 0x000000008e000000, 0x000000008e000000|100%| O|  |TAMS 0x000000008df00000| PB 0x000000008df00000| Untracked |  0
| 126|0x000000008e000000, 0x000000008e100000, 0x000000008e100000|100%| O|  |TAMS 0x000000008e000000| PB 0x000000008e000000| Untracked |  0
| 127|0x000000008e100000, 0x000000008e200000, 0x000000008e200000|100%| O|  |TAMS 0x000000008e100000| PB 0x000000008e100000| Untracked |  0
| 128|0x000000008e200000, 0x000000008e300000, 0x000000008e300000|100%| O|  |TAMS 0x000000008e200000| PB 0x000000008e200000| Untracked |  0
| 129|0x000000008e300000, 0x000000008e400000, 0x000000008e400000|100%| O|  |TAMS 0x000000008e300000| PB 0x000000008e300000| Untracked |  0
| 130|0x000000008e400000, 0x000000008e500000, 0x000000008e500000|100%| O|  |TAMS 0x000000008e400000| PB 0x000000008e400000| Untracked |  0
| 131|0x000000008e500000, 0x000000008e600000, 0x000000008e600000|100%| O|  |TAMS 0x000000008e500000| PB 0x000000008e500000| Untracked |  0
| 132|0x000000008e600000, 0x000000008e700000, 0x000000008e700000|100%| O|  |TAMS 0x000000008e600000| PB 0x000000008e600000| Untracked |  0
| 133|0x000000008e700000, 0x000000008e800000, 0x000000008e800000|100%| O|  |TAMS 0x000000008e700000| PB 0x000000008e700000| Untracked |  0
| 134|0x000000008e800000, 0x000000008e900000, 0x000000008e900000|100%| O|  |TAMS 0x000000008e800000| PB 0x000000008e800000| Untracked |  0
| 135|0x000000008e900000, 0x000000008ea00000, 0x000000008ea00000|100%| O|  |TAMS 0x000000008e900000| PB 0x000000008e900000| Untracked |  0
| 136|0x000000008ea00000, 0x000000008eb00000, 0x000000008eb00000|100%| O|  |TAMS 0x000000008ea00000| PB 0x000000008ea00000| Untracked |  0
| 137|0x000000008eb00000, 0x000000008ec00000, 0x000000008ec00000|100%| O|  |TAMS 0x000000008eb00000| PB 0x000000008eb00000| Untracked |  0
| 138|0x000000008ec00000, 0x000000008ed00000, 0x000000008ed00000|100%| O|  |TAMS 0x000000008ec00000| PB 0x000000008ec00000| Untracked |  0
| 139|0x000000008ed00000, 0x000000008ee00000, 0x000000008ee00000|100%| O|  |TAMS 0x000000008ed00000| PB 0x000000008ed00000| Untracked |  0
| 140|0x000000008ee00000, 0x000000008ef00000, 0x000000008ef00000|100%| O|  |TAMS 0x000000008ee00000| PB 0x000000008ee00000| Untracked |  0
| 141|0x000000008ef00000, 0x000000008f000000, 0x000000008f000000|100%| O|  |TAMS 0x000000008ef00000| PB 0x000000008ef00000| Untracked |  0
| 142|0x000000008f000000, 0x000000008f100000, 0x000000008f100000|100%| O|  |TAMS 0x000000008f000000| PB 0x000000008f000000| Untracked |  0
| 143|0x000000008f100000, 0x000000008f200000, 0x000000008f200000|100%| O|  |TAMS 0x000000008f100000| PB 0x000000008f100000| Untracked |  0
| 144|0x000000008f200000, 0x000000008f300000, 0x000000008f300000|100%| O|  |TAMS 0x000000008f200000| PB 0x000000008f200000| Untracked |  0
| 145|0x000000008f300000, 0x000000008f400000, 0x000000008f400000|100%| O|  |TAMS 0x000000008f300000| PB 0x000000008f300000| Untracked |  0
| 146|0x000000008f400000, 0x000000008f500000, 0x000000008f500000|100%| O|  |TAMS 0x000000008f400000| PB 0x000000008f400000| Untracked |  0
| 147|0x000000008f500000, 0x000000008f600000, 0x000000008f600000|100%| O|  |TAMS 0x000000008f500000| PB 0x000000008f500000| Untracked |  0
| 148|0x000000008f600000, 0x000000008f700000, 0x000000008f700000|100%| O|  |TAMS 0x000000008f600000| PB 0x000000008f600000| Untracked |  0
| 149|0x000000008f700000, 0x000000008f800000, 0x000000008f800000|100%| O|  |TAMS 0x000000008f700000| PB 0x000000008f700000| Untracked |  0
| 150|0x000000008f800000, 0x000000008f900000, 0x000000008f900000|100%| O|  |TAMS 0x000000008f800000| PB 0x000000008f800000| Untracked |  0
| 151|0x000000008f900000, 0x000000008fa00000, 0x000000008fa00000|100%| O|  |TAMS 0x000000008f900000| PB 0x000000008f900000| Untracked |  0
| 152|0x000000008fa00000, 0x000000008fb00000, 0x000000008fb00000|100%| O|  |TAMS 0x000000008fa00000| PB 0x000000008fa00000| Untracked |  0
| 153|0x000000008fb00000, 0x000000008fc00000, 0x000000008fc00000|100%| O|  |TAMS 0x000000008fb00000| PB 0x000000008fb00000| Untracked |  0
| 154|0x000000008fc00000, 0x000000008fd00000, 0x000000008fd00000|100%| O|  |TAMS 0x000000008fc00000| PB 0x000000008fc00000| Untracked |  0
| 155|0x000000008fd00000, 0x000000008fe00000, 0x000000008fe00000|100%| O|  |TAMS 0x000000008fd00000| PB 0x000000008fd00000| Untracked |  0
| 156|0x000000008fe00000, 0x000000008ff00000, 0x000000008ff00000|100%| O|  |TAMS 0x000000008fe00000| PB 0x000000008fe00000| Untracked |  0
| 157|0x000000008ff00000, 0x0000000090000000, 0x0000000090000000|100%| O|  |TAMS 0x000000008ff00000| PB 0x000000008ff00000| Untracked |  0
| 158|0x0000000090000000, 0x0000000090100000, 0x0000000090100000|100%| O|  |TAMS 0x0000000090000000| PB 0x0000000090000000| Untracked |  0
| 159|0x0000000090100000, 0x0000000090200000, 0x0000000090200000|100%| O|  |TAMS 0x0000000090100000| PB 0x0000000090100000| Untracked |  0
| 160|0x0000000090200000, 0x0000000090300000, 0x0000000090300000|100%| O|Cm|TAMS 0x0000000090200000| PB 0x0000000090200000| Complete |  0
| 161|0x0000000090300000, 0x0000000090400000, 0x0000000090400000|100%| O|  |TAMS 0x0000000090300000| PB 0x0000000090300000| Untracked |  0
| 162|0x0000000090400000, 0x0000000090500000, 0x0000000090500000|100%| O|  |TAMS 0x0000000090400000| PB 0x0000000090400000| Untracked |  0
| 163|0x0000000090500000, 0x0000000090600000, 0x0000000090600000|100%| O|  |TAMS 0x0000000090500000| PB 0x0000000090500000| Untracked |  0
| 164|0x0000000090600000, 0x0000000090700000, 0x0000000090700000|100%| O|  |TAMS 0x0000000090600000| PB 0x0000000090600000| Untracked |  0
| 165|0x0000000090700000, 0x0000000090800000, 0x0000000090800000|100%| O|  |TAMS 0x0000000090700000| PB 0x0000000090700000| Untracked |  0
| 166|0x0000000090800000, 0x0000000090900000, 0x0000000090900000|100%| O|  |TAMS 0x0000000090800000| PB 0x0000000090800000| Untracked |  0
| 167|0x0000000090900000, 0x0000000090a00000, 0x0000000090a00000|100%| O|  |TAMS 0x0000000090900000| PB 0x0000000090900000| Untracked |  0
| 168|0x0000000090a00000, 0x0000000090b00000, 0x0000000090b00000|100%| O|  |TAMS 0x0000000090a00000| PB 0x0000000090a00000| Untracked |  0
| 169|0x0000000090b00000, 0x0000000090c00000, 0x0000000090c00000|100%| O|  |TAMS 0x0000000090b00000| PB 0x0000000090b00000| Untracked |  0
| 170|0x0000000090c00000, 0x0000000090d00000, 0x0000000090d00000|100%| O|  |TAMS 0x0000000090c00000| PB 0x0000000090c00000| Untracked |  0
| 171|0x0000000090d00000, 0x0000000090e00000, 0x0000000090e00000|100%| O|  |TAMS 0x0000000090d00000| PB 0x0000000090d00000| Untracked |  0
| 172|0x0000000090e00000, 0x0000000090f00000, 0x0000000090f00000|100%| O|  |TAMS 0x0000000090e00000| PB 0x0000000090e00000| Untracked |  0
| 173|0x0000000090f00000, 0x0000000091000000, 0x0000000091000000|100%| O|  |TAMS 0x0000000090f00000| PB 0x0000000090f00000| Untracked |  0
| 174|0x0000000091000000, 0x0000000091100000, 0x0000000091100000|100%| O|  |TAMS 0x0000000091000000| PB 0x0000000091000000| Untracked |  0
| 175|0x0000000091100000, 0x0000000091200000, 0x0000000091200000|100%| O|  |TAMS 0x0000000091100000| PB 0x0000000091100000| Untracked |  0
| 176|0x0000000091200000, 0x0000000091300000, 0x0000000091300000|100%| O|  |TAMS 0x0000000091200000| PB 0x0000000091200000| Untracked |  0
| 177|0x0000000091300000, 0x0000000091400000, 0x0000000091400000|100%| O|  |TAMS 0x0000000091300000| PB 0x0000000091300000| Untracked |  0
| 178|0x0000000091400000, 0x0000000091500000, 0x0000000091500000|100%| O|  |TAMS 0x0000000091400000| PB 0x0000000091400000| Untracked |  0
| 179|0x0000000091500000, 0x0000000091600000, 0x0000000091600000|100%| O|  |TAMS 0x0000000091500000| PB 0x0000000091500000| Untracked |  0
| 180|0x0000000091600000, 0x0000000091700000, 0x0000000091700000|100%| O|  |TAMS 0x0000000091600000| PB 0x0000000091600000| Untracked |  0
| 181|0x0000000091700000, 0x0000000091800000, 0x0000000091800000|100%| O|  |TAMS 0x0000000091700000| PB 0x0000000091700000| Untracked |  0
| 182|0x0000000091800000, 0x0000000091900000, 0x0000000091900000|100%| O|  |TAMS 0x0000000091800000| PB 0x0000000091800000| Untracked |  0
| 183|0x0000000091900000, 0x0000000091a00000, 0x0000000091a00000|100%| O|  |TAMS 0x0000000091900000| PB 0x0000000091900000| Untracked |  0
| 184|0x0000000091a00000, 0x0000000091b00000, 0x0000000091b00000|100%| O|  |TAMS 0x0000000091a00000| PB 0x0000000091a00000| Untracked |  0
| 185|0x0000000091b00000, 0x0000000091c00000, 0x0000000091c00000|100%| O|  |TAMS 0x0000000091b00000| PB 0x0000000091b00000| Untracked |  0
| 186|0x0000000091c00000, 0x0000000091d00000, 0x0000000091d00000|100%| O|  |TAMS 0x0000000091c00000| PB 0x0000000091c00000| Untracked |  0
| 187|0x0000000091d00000, 0x0000000091e00000, 0x0000000091e00000|100%| O|  |TAMS 0x0000000091d00000| PB 0x0000000091d00000| Untracked |  0
| 188|0x0000000091e00000, 0x0000000091f00000, 0x0000000091f00000|100%| O|  |TAMS 0x0000000091e00000| PB 0x0000000091e00000| Untracked |  0
| 189|0x0000000091f00000, 0x0000000092000000, 0x0000000092000000|100%| O|  |TAMS 0x0000000091f00000| PB 0x0000000091f00000| Untracked |  0
| 190|0x0000000092000000, 0x0000000092100000, 0x0000000092100000|100%| O|  |TAMS 0x0000000092000000| PB 0x0000000092000000| Untracked |  0
| 191|0x0000000092100000, 0x0000000092200000, 0x0000000092200000|100%| O|  |TAMS 0x0000000092100000| PB 0x0000000092100000| Untracked |  0
| 192|0x0000000092200000, 0x0000000092300000, 0x0000000092300000|100%| O|Cm|TAMS 0x0000000092200000| PB 0x0000000092200000| Complete |  0
| 193|0x0000000092300000, 0x0000000092400000, 0x0000000092400000|100%| O|  |TAMS 0x0000000092300000| PB 0x0000000092300000| Untracked |  0
| 194|0x0000000092400000, 0x0000000092500000, 0x0000000092500000|100%| O|  |TAMS 0x0000000092400000| PB 0x0000000092400000| Untracked |  0
| 195|0x0000000092500000, 0x0000000092600000, 0x0000000092600000|100%| O|  |TAMS 0x0000000092500000| PB 0x0000000092500000| Untracked |  0
| 196|0x0000000092600000, 0x0000000092700000, 0x0000000092700000|100%| O|  |TAMS 0x0000000092600000| PB 0x0000000092600000| Untracked |  0
| 197|0x0000000092700000, 0x0000000092800000, 0x0000000092800000|100%| O|  |TAMS 0x0000000092700000| PB 0x0000000092700000| Untracked |  0
| 198|0x0000000092800000, 0x0000000092900000, 0x0000000092900000|100%| O|  |TAMS 0x0000000092800000| PB 0x0000000092800000| Untracked |  0
| 199|0x0000000092900000, 0x0000000092a00000, 0x0000000092a00000|100%| O|  |TAMS 0x0000000092900000| PB 0x0000000092900000| Untracked |  0
| 200|0x0000000092a00000, 0x0000000092b00000, 0x0000000092b00000|100%| O|  |TAMS 0x0000000092a00000| PB 0x0000000092a00000| Untracked |  0
| 201|0x0000000092b00000, 0x0000000092c00000, 0x0000000092c00000|100%| O|  |TAMS 0x0000000092b00000| PB 0x0000000092b00000| Untracked |  0
| 202|0x0000000092c00000, 0x0000000092d00000, 0x0000000092d00000|100%| O|  |TAMS 0x0000000092c00000| PB 0x0000000092c00000| Untracked |  0
| 203|0x0000000092d00000, 0x0000000092e00000, 0x0000000092e00000|100%| O|Cm|TAMS 0x0000000092d00000| PB 0x0000000092d00000| Complete |  0
| 204|0x0000000092e00000, 0x0000000092f00000, 0x0000000092f00000|100%| O|  |TAMS 0x0000000092e00000| PB 0x0000000092e00000| Untracked |  0
| 205|0x0000000092f00000, 0x0000000093000000, 0x0000000093000000|100%| O|  |TAMS 0x0000000092f00000| PB 0x0000000092f00000| Untracked |  0
| 206|0x0000000093000000, 0x0000000093100000, 0x0000000093100000|100%| O|  |TAMS 0x0000000093000000| PB 0x0000000093000000| Untracked |  0
| 207|0x0000000093100000, 0x0000000093200000, 0x0000000093200000|100%| O|  |TAMS 0x0000000093100000| PB 0x0000000093100000| Untracked |  0
| 208|0x0000000093200000, 0x0000000093300000, 0x0000000093300000|100%| O|  |TAMS 0x0000000093200000| PB 0x0000000093200000| Untracked |  0
| 209|0x0000000093300000, 0x00000000933bb500, 0x0000000093400000| 73%| O|  |TAMS 0x0000000093300000| PB 0x0000000093300000| Untracked |  0
| 210|0x0000000093400000, 0x0000000093500000, 0x0000000093500000|100%|HS|  |TAMS 0x0000000093400000| PB 0x0000000093400000| Complete |  0
| 211|0x0000000093500000, 0x0000000093500000, 0x0000000093600000|  0%| F|  |TAMS 0x0000000093500000| PB 0x0000000093500000| Untracked |  0
| 212|0x0000000093600000, 0x0000000093600000, 0x0000000093700000|  0%| F|  |TAMS 0x0000000093600000| PB 0x0000000093600000| Untracked |  0
| 213|0x0000000093700000, 0x0000000093700000, 0x0000000093800000|  0%| F|  |TAMS 0x0000000093700000| PB 0x0000000093700000| Untracked |  0
| 214|0x0000000093800000, 0x0000000093800000, 0x0000000093900000|  0%| F|  |TAMS 0x0000000093800000| PB 0x0000000093800000| Untracked |  0
| 215|0x0000000093900000, 0x0000000093900000, 0x0000000093a00000|  0%| F|  |TAMS 0x0000000093900000| PB 0x0000000093900000| Untracked |  0
| 216|0x0000000093a00000, 0x0000000093a00000, 0x0000000093b00000|  0%| F|  |TAMS 0x0000000093a00000| PB 0x0000000093a00000| Untracked |  0
| 217|0x0000000093b00000, 0x0000000093b00000, 0x0000000093c00000|  0%| F|  |TAMS 0x0000000093b00000| PB 0x0000000093b00000| Untracked |  0
| 218|0x0000000093c00000, 0x0000000093c00000, 0x0000000093d00000|  0%| F|  |TAMS 0x0000000093c00000| PB 0x0000000093c00000| Untracked |  0
| 219|0x0000000093d00000, 0x0000000093d00000, 0x0000000093e00000|  0%| F|  |TAMS 0x0000000093d00000| PB 0x0000000093d00000| Untracked |  0
| 220|0x0000000093e00000, 0x0000000093e00000, 0x0000000093f00000|  0%| F|  |TAMS 0x0000000093e00000| PB 0x0000000093e00000| Untracked |  0
| 221|0x0000000093f00000, 0x0000000093f00000, 0x0000000094000000|  0%| F|  |TAMS 0x0000000093f00000| PB 0x0000000093f00000| Untracked |  0
| 222|0x0000000094000000, 0x0000000094000000, 0x0000000094100000|  0%| F|  |TAMS 0x0000000094000000| PB 0x0000000094000000| Untracked |  0
| 223|0x0000000094100000, 0x0000000094100000, 0x0000000094200000|  0%| F|  |TAMS 0x0000000094100000| PB 0x0000000094100000| Untracked |  0
| 224|0x0000000094200000, 0x0000000094200000, 0x0000000094300000|  0%| F|  |TAMS 0x0000000094200000| PB 0x0000000094200000| Untracked |  0
| 225|0x0000000094300000, 0x0000000094300000, 0x0000000094400000|  0%| F|  |TAMS 0x0000000094300000| PB 0x0000000094300000| Untracked |  0
| 226|0x0000000094400000, 0x0000000094400000, 0x0000000094500000|  0%| F|  |TAMS 0x0000000094400000| PB 0x0000000094400000| Untracked |  0
| 227|0x0000000094500000, 0x0000000094500000, 0x0000000094600000|  0%| F|  |TAMS 0x0000000094500000| PB 0x0000000094500000| Untracked |  0
| 228|0x0000000094600000, 0x0000000094600000, 0x0000000094700000|  0%| F|  |TAMS 0x0000000094600000| PB 0x0000000094600000| Untracked |  0
| 229|0x0000000094700000, 0x0000000094700000, 0x0000000094800000|  0%| F|  |TAMS 0x0000000094700000| PB 0x0000000094700000| Untracked |  0
| 230|0x0000000094800000, 0x0000000094800000, 0x0000000094900000|  0%| F|  |TAMS 0x0000000094800000| PB 0x0000000094800000| Untracked |  0
| 231|0x0000000094900000, 0x0000000094900000, 0x0000000094a00000|  0%| F|  |TAMS 0x0000000094900000| PB 0x0000000094900000| Untracked |  0
| 232|0x0000000094a00000, 0x0000000094a00000, 0x0000000094b00000|  0%| F|  |TAMS 0x0000000094a00000| PB 0x0000000094a00000| Untracked |  0
| 233|0x0000000094b00000, 0x0000000094b00000, 0x0000000094c00000|  0%| F|  |TAMS 0x0000000094b00000| PB 0x0000000094b00000| Untracked |  0
| 234|0x0000000094c00000, 0x0000000094c00000, 0x0000000094d00000|  0%| F|  |TAMS 0x0000000094c00000| PB 0x0000000094c00000| Untracked |  0
| 235|0x0000000094d00000, 0x0000000094d00000, 0x0000000094e00000|  0%| F|  |TAMS 0x0000000094d00000| PB 0x0000000094d00000| Untracked |  0
| 236|0x0000000094e00000, 0x0000000094e00000, 0x0000000094f00000|  0%| F|  |TAMS 0x0000000094e00000| PB 0x0000000094e00000| Untracked |  0
| 237|0x0000000094f00000, 0x0000000094f00000, 0x0000000095000000|  0%| F|  |TAMS 0x0000000094f00000| PB 0x0000000094f00000| Untracked |  0
| 238|0x0000000095000000, 0x0000000095000000, 0x0000000095100000|  0%| F|  |TAMS 0x0000000095000000| PB 0x0000000095000000| Untracked |  0
| 239|0x0000000095100000, 0x0000000095100000, 0x0000000095200000|  0%| F|  |TAMS 0x0000000095100000| PB 0x0000000095100000| Untracked |  0
| 240|0x0000000095200000, 0x0000000095200000, 0x0000000095300000|  0%| F|  |TAMS 0x0000000095200000| PB 0x0000000095200000| Untracked |  0
| 241|0x0000000095300000, 0x0000000095300000, 0x0000000095400000|  0%| F|  |TAMS 0x0000000095300000| PB 0x0000000095300000| Untracked |  0
| 242|0x0000000095400000, 0x0000000095400000, 0x0000000095500000|  0%| F|  |TAMS 0x0000000095400000| PB 0x0000000095400000| Untracked |  0
| 243|0x0000000095500000, 0x0000000095500000, 0x0000000095600000|  0%| F|  |TAMS 0x0000000095500000| PB 0x0000000095500000| Untracked |  0
| 244|0x0000000095600000, 0x0000000095600000, 0x0000000095700000|  0%| F|  |TAMS 0x0000000095600000| PB 0x0000000095600000| Untracked |  0
| 245|0x0000000095700000, 0x0000000095700000, 0x0000000095800000|  0%| F|  |TAMS 0x0000000095700000| PB 0x0000000095700000| Untracked |  0
| 246|0x0000000095800000, 0x0000000095800000, 0x0000000095900000|  0%| F|  |TAMS 0x0000000095800000| PB 0x0000000095800000| Untracked |  0
| 247|0x0000000095900000, 0x0000000095900000, 0x0000000095a00000|  0%| F|  |TAMS 0x0000000095900000| PB 0x0000000095900000| Untracked |  0
| 248|0x0000000095a00000, 0x0000000095a00000, 0x0000000095b00000|  0%| F|  |TAMS 0x0000000095a00000| PB 0x0000000095a00000| Untracked |  0
| 249|0x0000000095b00000, 0x0000000095b00000, 0x0000000095c00000|  0%| F|  |TAMS 0x0000000095b00000| PB 0x0000000095b00000| Untracked |  0
| 250|0x0000000095c00000, 0x0000000095c00000, 0x0000000095d00000|  0%| F|  |TAMS 0x0000000095c00000| PB 0x0000000095c00000| Untracked |  0
| 251|0x0000000095d00000, 0x0000000095d00000, 0x0000000095e00000|  0%| F|  |TAMS 0x0000000095d00000| PB 0x0000000095d00000| Untracked |  0
| 252|0x0000000095e00000, 0x0000000095e00000, 0x0000000095f00000|  0%| F|  |TAMS 0x0000000095e00000| PB 0x0000000095e00000| Untracked |  0
| 253|0x0000000095f00000, 0x0000000095f00000, 0x0000000096000000|  0%| F|  |TAMS 0x0000000095f00000| PB 0x0000000095f00000| Untracked |  0
| 254|0x0000000096000000, 0x0000000096000000, 0x0000000096100000|  0%| F|  |TAMS 0x0000000096000000| PB 0x0000000096000000| Untracked |  0
| 255|0x0000000096100000, 0x0000000096100000, 0x0000000096200000|  0%| F|  |TAMS 0x0000000096100000| PB 0x0000000096100000| Untracked |  0
| 256|0x0000000096200000, 0x0000000096200000, 0x0000000096300000|  0%| F|  |TAMS 0x0000000096200000| PB 0x0000000096200000| Untracked |  0
| 257|0x0000000096300000, 0x0000000096300000, 0x0000000096400000|  0%| F|  |TAMS 0x0000000096300000| PB 0x0000000096300000| Untracked |  0
| 258|0x0000000096400000, 0x0000000096400000, 0x0000000096500000|  0%| F|  |TAMS 0x0000000096400000| PB 0x0000000096400000| Untracked |  0
| 259|0x0000000096500000, 0x0000000096500000, 0x0000000096600000|  0%| F|  |TAMS 0x0000000096500000| PB 0x0000000096500000| Untracked |  0
| 260|0x0000000096600000, 0x0000000096600000, 0x0000000096700000|  0%| F|  |TAMS 0x0000000096600000| PB 0x0000000096600000| Untracked |  0
| 261|0x0000000096700000, 0x0000000096700000, 0x0000000096800000|  0%| F|  |TAMS 0x0000000096700000| PB 0x0000000096700000| Untracked |  0
| 262|0x0000000096800000, 0x0000000096800000, 0x0000000096900000|  0%| F|  |TAMS 0x0000000096800000| PB 0x0000000096800000| Untracked |  0
| 263|0x0000000096900000, 0x0000000096900000, 0x0000000096a00000|  0%| F|  |TAMS 0x0000000096900000| PB 0x0000000096900000| Untracked |  0
| 264|0x0000000096a00000, 0x0000000096a00000, 0x0000000096b00000|  0%| F|  |TAMS 0x0000000096a00000| PB 0x0000000096a00000| Untracked |  0
| 265|0x0000000096b00000, 0x0000000096b00000, 0x0000000096c00000|  0%| F|  |TAMS 0x0000000096b00000| PB 0x0000000096b00000| Untracked |  0
| 266|0x0000000096c00000, 0x0000000096c00000, 0x0000000096d00000|  0%| F|  |TAMS 0x0000000096c00000| PB 0x0000000096c00000| Untracked |  0
| 267|0x0000000096d00000, 0x0000000096d00000, 0x0000000096e00000|  0%| F|  |TAMS 0x0000000096d00000| PB 0x0000000096d00000| Untracked |  0
| 268|0x0000000096e00000, 0x0000000096e00000, 0x0000000096f00000|  0%| F|  |TAMS 0x0000000096e00000| PB 0x0000000096e00000| Untracked |  0
| 269|0x0000000096f00000, 0x0000000096f00000, 0x0000000097000000|  0%| F|  |TAMS 0x0000000096f00000| PB 0x0000000096f00000| Untracked |  0
| 270|0x0000000097000000, 0x0000000097000000, 0x0000000097100000|  0%| F|  |TAMS 0x0000000097000000| PB 0x0000000097000000| Untracked |  0
| 271|0x0000000097100000, 0x0000000097100000, 0x0000000097200000|  0%| F|  |TAMS 0x0000000097100000| PB 0x0000000097100000| Untracked |  0
| 272|0x0000000097200000, 0x0000000097200000, 0x0000000097300000|  0%| F|  |TAMS 0x0000000097200000| PB 0x0000000097200000| Untracked |  0
| 273|0x0000000097300000, 0x0000000097300000, 0x0000000097400000|  0%| F|  |TAMS 0x0000000097300000| PB 0x0000000097300000| Untracked |  0
| 274|0x0000000097400000, 0x0000000097400000, 0x0000000097500000|  0%| F|  |TAMS 0x0000000097400000| PB 0x0000000097400000| Untracked |  0
| 275|0x0000000097500000, 0x0000000097500000, 0x0000000097600000|  0%| F|  |TAMS 0x0000000097500000| PB 0x0000000097500000| Untracked |  0
| 276|0x0000000097600000, 0x0000000097600000, 0x0000000097700000|  0%| F|  |TAMS 0x0000000097600000| PB 0x0000000097600000| Untracked |  0
| 277|0x0000000097700000, 0x0000000097700000, 0x0000000097800000|  0%| F|  |TAMS 0x0000000097700000| PB 0x0000000097700000| Untracked |  0
| 278|0x0000000097800000, 0x0000000097800000, 0x0000000097900000|  0%| F|  |TAMS 0x0000000097800000| PB 0x0000000097800000| Untracked |  0
| 279|0x0000000097900000, 0x0000000097900000, 0x0000000097a00000|  0%| F|  |TAMS 0x0000000097900000| PB 0x0000000097900000| Untracked |  0
| 280|0x0000000097a00000, 0x0000000097a00000, 0x0000000097b00000|  0%| F|  |TAMS 0x0000000097a00000| PB 0x0000000097a00000| Untracked |  0
| 281|0x0000000097b00000, 0x0000000097b00000, 0x0000000097c00000|  0%| F|  |TAMS 0x0000000097b00000| PB 0x0000000097b00000| Untracked |  0
| 282|0x0000000097c00000, 0x0000000097c00000, 0x0000000097d00000|  0%| F|  |TAMS 0x0000000097c00000| PB 0x0000000097c00000| Untracked |  0
| 283|0x0000000097d00000, 0x0000000097d00000, 0x0000000097e00000|  0%| F|  |TAMS 0x0000000097d00000| PB 0x0000000097d00000| Untracked |  0
| 284|0x0000000097e00000, 0x0000000097e00000, 0x0000000097f00000|  0%| F|  |TAMS 0x0000000097e00000| PB 0x0000000097e00000| Untracked |  0
| 285|0x0000000097f00000, 0x0000000097f00000, 0x0000000098000000|  0%| F|  |TAMS 0x0000000097f00000| PB 0x0000000097f00000| Untracked |  0
| 286|0x0000000098000000, 0x0000000098100000, 0x0000000098100000|100%| S|CS|TAMS 0x0000000098000000| PB 0x0000000098000000| Complete |  0
| 287|0x0000000098100000, 0x0000000098200000, 0x0000000098200000|100%| S|CS|TAMS 0x0000000098100000| PB 0x0000000098100000| Complete |  0
| 288|0x0000000098200000, 0x0000000098300000, 0x0000000098300000|100%| S|CS|TAMS 0x0000000098200000| PB 0x0000000098200000| Complete |  0
| 289|0x0000000098300000, 0x0000000098400000, 0x0000000098400000|100%| S|CS|TAMS 0x0000000098300000| PB 0x0000000098300000| Complete |  0
| 290|0x0000000098400000, 0x0000000098500000, 0x0000000098500000|100%| S|CS|TAMS 0x0000000098400000| PB 0x0000000098400000| Complete |  0
| 291|0x0000000098500000, 0x0000000098500000, 0x0000000098600000|  0%| F|  |TAMS 0x0000000098500000| PB 0x0000000098500000| Untracked |  0
| 292|0x0000000098600000, 0x0000000098700000, 0x0000000098700000|100%| E|CS|TAMS 0x0000000098600000| PB 0x0000000098600000| Complete |  0
| 293|0x0000000098700000, 0x0000000098800000, 0x0000000098800000|100%| E|CS|TAMS 0x0000000098700000| PB 0x0000000098700000| Complete |  0
| 294|0x0000000098800000, 0x0000000098900000, 0x0000000098900000|100%| E|CS|TAMS 0x0000000098800000| PB 0x0000000098800000| Complete |  0
| 295|0x0000000098900000, 0x0000000098a00000, 0x0000000098a00000|100%| E|CS|TAMS 0x0000000098900000| PB 0x0000000098900000| Complete |  0
| 296|0x0000000098a00000, 0x0000000098b00000, 0x0000000098b00000|100%| E|CS|TAMS 0x0000000098a00000| PB 0x0000000098a00000| Complete |  0
| 297|0x0000000098b00000, 0x0000000098c00000, 0x0000000098c00000|100%| E|CS|TAMS 0x0000000098b00000| PB 0x0000000098b00000| Complete |  0
| 298|0x0000000098c00000, 0x0000000098d00000, 0x0000000098d00000|100%| E|CS|TAMS 0x0000000098c00000| PB 0x0000000098c00000| Complete |  0
| 299|0x0000000098d00000, 0x0000000098e00000, 0x0000000098e00000|100%| E|CS|TAMS 0x0000000098d00000| PB 0x0000000098d00000| Complete |  0
| 300|0x0000000098e00000, 0x0000000098f00000, 0x0000000098f00000|100%| E|CS|TAMS 0x0000000098e00000| PB 0x0000000098e00000| Complete |  0
| 301|0x0000000098f00000, 0x0000000099000000, 0x0000000099000000|100%| E|CS|TAMS 0x0000000098f00000| PB 0x0000000098f00000| Complete |  0
| 302|0x0000000099000000, 0x0000000099100000, 0x0000000099100000|100%| E|CS|TAMS 0x0000000099000000| PB 0x0000000099000000| Complete |  0
| 303|0x0000000099100000, 0x0000000099200000, 0x0000000099200000|100%| E|CS|TAMS 0x0000000099100000| PB 0x0000000099100000| Complete |  0
| 304|0x0000000099200000, 0x0000000099300000, 0x0000000099300000|100%| E|CS|TAMS 0x0000000099200000| PB 0x0000000099200000| Complete |  0
| 305|0x0000000099300000, 0x0000000099400000, 0x0000000099400000|100%| E|CS|TAMS 0x0000000099300000| PB 0x0000000099300000| Complete |  0
| 306|0x0000000099400000, 0x0000000099500000, 0x0000000099500000|100%| E|CS|TAMS 0x0000000099400000| PB 0x0000000099400000| Complete |  0
| 307|0x0000000099500000, 0x0000000099600000, 0x0000000099600000|100%| E|CS|TAMS 0x0000000099500000| PB 0x0000000099500000| Complete |  0
| 308|0x0000000099600000, 0x0000000099700000, 0x0000000099700000|100%| E|CS|TAMS 0x0000000099600000| PB 0x0000000099600000| Complete |  0
| 309|0x0000000099700000, 0x0000000099800000, 0x0000000099800000|100%| E|CS|TAMS 0x0000000099700000| PB 0x0000000099700000| Complete |  0
| 310|0x0000000099800000, 0x0000000099900000, 0x0000000099900000|100%| E|CS|TAMS 0x0000000099800000| PB 0x0000000099800000| Complete |  0
| 311|0x0000000099900000, 0x0000000099a00000, 0x0000000099a00000|100%| E|CS|TAMS 0x0000000099900000| PB 0x0000000099900000| Complete |  0
| 312|0x0000000099a00000, 0x0000000099b00000, 0x0000000099b00000|100%| E|CS|TAMS 0x0000000099a00000| PB 0x0000000099a00000| Complete |  0
| 313|0x0000000099b00000, 0x0000000099c00000, 0x0000000099c00000|100%| E|CS|TAMS 0x0000000099b00000| PB 0x0000000099b00000| Complete |  0
| 314|0x0000000099c00000, 0x0000000099d00000, 0x0000000099d00000|100%| E|CS|TAMS 0x0000000099c00000| PB 0x0000000099c00000| Complete |  0
| 315|0x0000000099d00000, 0x0000000099e00000, 0x0000000099e00000|100%| E|CS|TAMS 0x0000000099d00000| PB 0x0000000099d00000| Complete |  0
| 316|0x0000000099e00000, 0x0000000099f00000, 0x0000000099f00000|100%| E|CS|TAMS 0x0000000099e00000| PB 0x0000000099e00000| Complete |  0
| 317|0x0000000099f00000, 0x000000009a000000, 0x000000009a000000|100%| E|CS|TAMS 0x0000000099f00000| PB 0x0000000099f00000| Complete |  0
| 318|0x000000009a000000, 0x000000009a100000, 0x000000009a100000|100%| E|CS|TAMS 0x000000009a000000| PB 0x000000009a000000| Complete |  0
| 319|0x000000009a100000, 0x000000009a200000, 0x000000009a200000|100%| E|CS|TAMS 0x000000009a100000| PB 0x000000009a100000| Complete |  0
| 320|0x000000009a200000, 0x000000009a300000, 0x000000009a300000|100%| E|CS|TAMS 0x000000009a200000| PB 0x000000009a200000| Complete |  0
| 321|0x000000009a300000, 0x000000009a400000, 0x000000009a400000|100%| E|CS|TAMS 0x000000009a300000| PB 0x000000009a300000| Complete |  0
| 322|0x000000009a400000, 0x000000009a500000, 0x000000009a500000|100%| E|CS|TAMS 0x000000009a400000| PB 0x000000009a400000| Complete |  0
| 323|0x000000009a500000, 0x000000009a600000, 0x000000009a600000|100%| E|CS|TAMS 0x000000009a500000| PB 0x000000009a500000| Complete |  0
| 324|0x000000009a600000, 0x000000009a700000, 0x000000009a700000|100%| E|CS|TAMS 0x000000009a600000| PB 0x000000009a600000| Complete |  0
| 325|0x000000009a700000, 0x000000009a800000, 0x000000009a800000|100%| E|CS|TAMS 0x000000009a700000| PB 0x000000009a700000| Complete |  0
| 326|0x000000009a800000, 0x000000009a800000, 0x000000009a900000|  0%| F|  |TAMS 0x000000009a800000| PB 0x000000009a800000| Untracked |  0
| 327|0x000000009a900000, 0x000000009a900000, 0x000000009aa00000|  0%| F|  |TAMS 0x000000009a900000| PB 0x000000009a900000| Untracked |  0
| 328|0x000000009aa00000, 0x000000009aa00000, 0x000000009ab00000|  0%| F|  |TAMS 0x000000009aa00000| PB 0x000000009aa00000| Untracked |  0
| 329|0x000000009ab00000, 0x000000009ab00000, 0x000000009ac00000|  0%| F|  |TAMS 0x000000009ab00000| PB 0x000000009ab00000| Untracked |  0
| 330|0x000000009ac00000, 0x000000009ac00000, 0x000000009ad00000|  0%| F|  |TAMS 0x000000009ac00000| PB 0x000000009ac00000| Untracked |  0
| 331|0x000000009ad00000, 0x000000009ad00000, 0x000000009ae00000|  0%| F|  |TAMS 0x000000009ad00000| PB 0x000000009ad00000| Untracked |  0
| 332|0x000000009ae00000, 0x000000009ae80000, 0x000000009af00000| 50%| E|  |TAMS 0x000000009ae00000| PB 0x000000009ae00000| Complete |  0
| 333|0x000000009af00000, 0x000000009b000000, 0x000000009b000000|100%| E|CS|TAMS 0x000000009af00000| PB 0x000000009af00000| Complete |  0
| 334|0x000000009b000000, 0x000000009b100000, 0x000000009b100000|100%| E|CS|TAMS 0x000000009b000000| PB 0x000000009b000000| Complete |  0
| 335|0x000000009b100000, 0x000000009b200000, 0x000000009b200000|100%| E|CS|TAMS 0x000000009b100000| PB 0x000000009b100000| Complete |  0
| 336|0x000000009b200000, 0x000000009b300000, 0x000000009b300000|100%| E|CS|TAMS 0x000000009b200000| PB 0x000000009b200000| Complete |  0
| 337|0x000000009b300000, 0x000000009b400000, 0x000000009b400000|100%| E|CS|TAMS 0x000000009b300000| PB 0x000000009b300000| Complete |  0
| 338|0x000000009b400000, 0x000000009b500000, 0x000000009b500000|100%| E|CS|TAMS 0x000000009b400000| PB 0x000000009b400000| Complete |  0
| 339|0x000000009b500000, 0x000000009b600000, 0x000000009b600000|100%| E|CS|TAMS 0x000000009b500000| PB 0x000000009b500000| Complete |  0
| 340|0x000000009b600000, 0x000000009b700000, 0x000000009b700000|100%| E|CS|TAMS 0x000000009b600000| PB 0x000000009b600000| Complete |  0
| 341|0x000000009b700000, 0x000000009b800000, 0x000000009b800000|100%| E|CS|TAMS 0x000000009b700000| PB 0x000000009b700000| Complete |  0
| 342|0x000000009b800000, 0x000000009b900000, 0x000000009b900000|100%| E|CS|TAMS 0x000000009b800000| PB 0x000000009b800000| Complete |  0
| 343|0x000000009b900000, 0x000000009ba00000, 0x000000009ba00000|100%| E|CS|TAMS 0x000000009b900000| PB 0x000000009b900000| Complete |  0
| 344|0x000000009ba00000, 0x000000009bb00000, 0x000000009bb00000|100%| E|CS|TAMS 0x000000009ba00000| PB 0x000000009ba00000| Complete |  0
| 345|0x000000009bb00000, 0x000000009bc00000, 0x000000009bc00000|100%| E|CS|TAMS 0x000000009bb00000| PB 0x000000009bb00000| Complete |  0
| 346|0x000000009bc00000, 0x000000009bd00000, 0x000000009bd00000|100%| E|CS|TAMS 0x000000009bc00000| PB 0x000000009bc00000| Complete |  0
| 347|0x000000009bd00000, 0x000000009be00000, 0x000000009be00000|100%| E|CS|TAMS 0x000000009bd00000| PB 0x000000009bd00000| Complete |  0
| 348|0x000000009be00000, 0x000000009bf00000, 0x000000009bf00000|100%| E|CS|TAMS 0x000000009be00000| PB 0x000000009be00000| Complete |  0
| 349|0x000000009bf00000, 0x000000009c000000, 0x000000009c000000|100%| E|CS|TAMS 0x000000009bf00000| PB 0x000000009bf00000| Complete |  0
| 350|0x000000009c000000, 0x000000009c100000, 0x000000009c100000|100%| E|CS|TAMS 0x000000009c000000| PB 0x000000009c000000| Complete |  0
| 351|0x000000009c100000, 0x000000009c200000, 0x000000009c200000|100%| E|CS|TAMS 0x000000009c100000| PB 0x000000009c100000| Complete |  0
| 352|0x000000009c200000, 0x000000009c300000, 0x000000009c300000|100%| E|CS|TAMS 0x000000009c200000| PB 0x000000009c200000| Complete |  0
| 353|0x000000009c300000, 0x000000009c400000, 0x000000009c400000|100%| E|CS|TAMS 0x000000009c300000| PB 0x000000009c300000| Complete |  0
| 354|0x000000009c400000, 0x000000009c500000, 0x000000009c500000|100%| E|CS|TAMS 0x000000009c400000| PB 0x000000009c400000| Complete |  0
| 355|0x000000009c500000, 0x000000009c600000, 0x000000009c600000|100%| E|CS|TAMS 0x000000009c500000| PB 0x000000009c500000| Complete |  0
| 356|0x000000009c600000, 0x000000009c700000, 0x000000009c700000|100%| E|CS|TAMS 0x000000009c600000| PB 0x000000009c600000| Complete |  0
| 357|0x000000009c700000, 0x000000009c800000, 0x000000009c800000|100%| E|CS|TAMS 0x000000009c700000| PB 0x000000009c700000| Complete |  0
| 358|0x000000009c800000, 0x000000009c900000, 0x000000009c900000|100%| E|CS|TAMS 0x000000009c800000| PB 0x000000009c800000| Complete |  0
|1947|0x00000000ffd00000, 0x00000000ffe00000, 0x00000000ffe00000|100%| E|CS|TAMS 0x00000000ffd00000| PB 0x00000000ffd00000| Complete |  0
|1948|0x00000000ffe00000, 0x00000000fff00000, 0x00000000fff00000|100%| E|CS|TAMS 0x00000000ffe00000| PB 0x00000000ffe00000| Complete |  0
|1949|0x00000000fff00000, 0x0000000100000000, 0x0000000100000000|100%| O|  |TAMS 0x00000000fff00000| PB 0x00000000fff00000| Untracked |  0

Card table byte_map: [0x000002dec9220000,0x000002dec95f0000] _byte_map_base: 0x000002dec8def000

Marking Bits: (CMBitMap*) 0x000002deaf915340
 Bits: [0x000002dec95f0000, 0x000002decb468000)

Polling page: 0x000002deaf980000

Metaspace:

Usage:
  Non-class:     66.14 MB used.
      Class:      8.60 MB used.
       Both:     74.73 MB used.

Virtual space:
  Non-class space:      128.00 MB reserved,      66.69 MB ( 52%) committed,  2 nodes.
      Class space:        1.00 GB reserved,       9.06 MB ( <1%) committed,  1 nodes.
             Both:        1.12 GB reserved,      75.75 MB (  7%) committed. 

Chunk freelists:
   Non-Class:  13.33 MB
       Class:  6.94 MB
        Both:  20.27 MB

MaxMetaspaceSize: unlimited
CompressedClassSpaceSize: 1.00 GB
Initial GC threshold: 21.00 MB
Current GC threshold: 126.19 MB
CDS: on
 - commit_granule_bytes: 65536.
 - commit_granule_words: 8192.
 - virtual_space_node_default_size: 8388608.
 - enlarge_chunks_in_place: 1.
 - use_allocation_guard: 0.


Internal statistics:

num_allocs_failed_limit: 6.
num_arena_births: 1612.
num_arena_deaths: 0.
num_vsnodes_births: 3.
num_vsnodes_deaths: 0.
num_space_committed: 1211.
num_space_uncommitted: 0.
num_chunks_returned_to_freelist: 6.
num_chunks_taken_from_freelist: 4505.
num_chunk_merges: 6.
num_chunk_splits: 3306.
num_chunks_enlarged: 2522.
num_inconsistent_stats: 0.

CodeHeap 'non-profiled nmethods': size=120000Kb used=8741Kb max_used=8741Kb free=111258Kb
 bounds [0x000002dec0eb0000, 0x000002dec1760000, 0x000002dec83e0000]
CodeHeap 'profiled nmethods': size=120000Kb used=35467Kb max_used=36521Kb free=84532Kb
 bounds [0x000002deb93e0000, 0x000002debb7e0000, 0x000002dec0910000]
CodeHeap 'non-nmethods': size=5760Kb used=1762Kb max_used=1877Kb free=3997Kb
 bounds [0x000002dec0910000, 0x000002dec0b80000, 0x000002dec0eb0000]
 total_blobs=12923 nmethods=12157 adapters=665
 compilation: enabled
              stopped_count=0, restarted_count=0
 full_count=0

Compilation events (20 events):
Event: 69.464 Thread 0x000002decdf525a0 16315       3       org.jetbrains.kotlin.types.expressions.BasicExpressionTypingVisitor::checkUnderscores (123 bytes)
Event: 69.467 Thread 0x000002decdf525a0 nmethod 16315 0x000002deba213610 code [0x000002deba213960, 0x000002deba214ba8]
Event: 69.467 Thread 0x000002decdf525a0 16316       3       org.jetbrains.kotlin.parsing.ParseUtilsKt::parseNumericLiteral (64 bytes)
Event: 69.470 Thread 0x000002decdf525a0 nmethod 16316 0x000002deb9a88d90 code [0x000002deb9a890e0, 0x000002deb9a8a178]
Event: 69.733 Thread 0x000002decdf525a0 16318       3       org.jetbrains.kotlin.types.model.MarkerExtensionsKt::safeSubstitute (33 bytes)
Event: 69.734 Thread 0x000002decdf525a0 nmethod 16318 0x000002deba865490 code [0x000002deba8657a0, 0x000002deba866680]
Event: 69.734 Thread 0x000002decdf525a0 16319       3       org.jetbrains.kotlin.resolve.calls.inference.components.ConstraintInjector$TypeCheckerStateForConstraintInjector::typeConstructor (17 bytes)
Event: 69.735 Thread 0x000002decdf525a0 nmethod 16319 0x000002deba54a690 code [0x000002deba54a940, 0x000002deba54b4a8]
Event: 69.735 Thread 0x000002decdf525a0 16320       3       org.jetbrains.kotlin.resolve.calls.inference.components.ConstraintInjector$TypeCheckerStateForConstraintInjector::getType (17 bytes)
Event: 69.737 Thread 0x000002decdf525a0 nmethod 16320 0x000002debb537e10 code [0x000002debb5380c0, 0x000002debb538c38]
Event: 69.764 Thread 0x000002decdf525a0 16322       3       org.jetbrains.kotlin.resolve.calls.inference.model.NewConstraintSystemImpl::addOtherSystem (496 bytes)
Event: 69.771 Thread 0x000002decdf525a0 nmethod 16322 0x000002deb9aeb310 code [0x000002deb9aebaa0, 0x000002deb9af0108]
Event: 69.814 Thread 0x000002decdf525a0 16323       3       org.jetbrains.kotlin.resolve.constants.evaluate.ConstantExpressionEvaluatorVisitor::createIntegerCompileTimeConstant (155 bytes)
Event: 69.815 Thread 0x000002decdf525a0 nmethod 16323 0x000002deb9e66910 code [0x000002deb9e66be0, 0x000002deb9e675d0]
Event: 69.825 Thread 0x000002decdf525a0 16324       3       org.jetbrains.kotlin.resolve.calls.tower.NewCallArgumentsKt::resolveParametersTypes (114 bytes)
Event: 69.827 Thread 0x000002decdf525a0 nmethod 16324 0x000002deb9818f90 code [0x000002deb98192e0, 0x000002deb981abb8]
Event: 69.827 Thread 0x000002decdf525a0 16325       3       org.jetbrains.kotlin.resolve.calls.tower.LambdaKotlinCallArgumentImpl::<init> (60 bytes)
Event: 69.830 Thread 0x000002decdf525a0 nmethod 16325 0x000002deba4c7910 code [0x000002deba4c7d00, 0x000002deba4c9568]
Event: 69.830 Thread 0x000002decdf525a0 16326       3       org.jetbrains.kotlin.resolve.calls.tower.NewCallArgumentsKt::checkNoSpread (54 bytes)
Event: 69.831 Thread 0x000002decdf525a0 nmethod 16326 0x000002deb944e910 code [0x000002deb944ebc0, 0x000002deb944f7b0]

GC Heap History (20 events):
Event: 58.210 GC heap before
{Heap before GC invocations=59 (full 0):
 garbage-first heap   total reserved 1996800K, committed 275456K, used 241881K [0x0000000086200000, 0x0000000100000000)
  region size 1024K, 81 young (82944K), 3 survivors (3072K)
 Metaspace       used 75597K, committed 76672K, reserved 1179648K
  class space    used 8780K, committed 9280K, reserved 1048576K
}
Event: 58.215 GC heap after
{Heap after GC invocations=60 (full 0):
 garbage-first heap   total reserved 1996800K, committed 275456K, used 165108K [0x0000000086200000, 0x0000000100000000)
  region size 1024K, 9 young (9216K), 9 survivors (9216K)
 Metaspace       used 75597K, committed 76672K, reserved 1179648K
  class space    used 8780K, committed 9280K, reserved 1048576K
}
Event: 59.537 GC heap before
{Heap before GC invocations=60 (full 0):
 garbage-first heap   total reserved 1996800K, committed 275456K, used 243956K [0x0000000086200000, 0x0000000100000000)
  region size 1024K, 85 young (87040K), 9 survivors (9216K)
 Metaspace       used 75721K, committed 76736K, reserved 1179648K
  class space    used 8782K, committed 9280K, reserved 1048576K
}
Event: 59.547 GC heap after
{Heap after GC invocations=61 (full 0):
 garbage-first heap   total reserved 1996800K, committed 275456K, used 171877K [0x0000000086200000, 0x0000000100000000)
  region size 1024K, 7 young (7168K), 7 survivors (7168K)
 Metaspace       used 75721K, committed 76736K, reserved 1179648K
  class space    used 8782K, committed 9280K, reserved 1048576K
}
Event: 60.441 GC heap before
{Heap before GC invocations=61 (full 0):
 garbage-first heap   total reserved 1996800K, committed 275456K, used 248677K [0x0000000086200000, 0x0000000100000000)
  region size 1024K, 80 young (81920K), 7 survivors (7168K)
 Metaspace       used 75807K, committed 76800K, reserved 1179648K
  class space    used 8782K, committed 9280K, reserved 1048576K
}
Event: 60.453 GC heap after
{Heap after GC invocations=62 (full 0):
 garbage-first heap   total reserved 1996800K, committed 275456K, used 179123K [0x0000000086200000, 0x0000000100000000)
  region size 1024K, 9 young (9216K), 9 survivors (9216K)
 Metaspace       used 75807K, committed 76800K, reserved 1179648K
  class space    used 8782K, committed 9280K, reserved 1048576K
}
Event: 61.925 GC heap before
{Heap before GC invocations=62 (full 0):
 garbage-first heap   total reserved 1996800K, committed 275456K, used 225203K [0x0000000086200000, 0x0000000100000000)
  region size 1024K, 55 young (56320K), 9 survivors (9216K)
 Metaspace       used 75929K, committed 76928K, reserved 1179648K
  class space    used 8787K, committed 9280K, reserved 1048576K
}
Event: 61.934 GC heap after
{Heap after GC invocations=63 (full 0):
 garbage-first heap   total reserved 1996800K, committed 275456K, used 182988K [0x0000000086200000, 0x0000000100000000)
  region size 1024K, 5 young (5120K), 5 survivors (5120K)
 Metaspace       used 75929K, committed 76928K, reserved 1179648K
  class space    used 8787K, committed 9280K, reserved 1048576K
}
Event: 62.531 GC heap before
{Heap before GC invocations=64 (full 0):
 garbage-first heap   total reserved 1996800K, committed 307200K, used 253644K [0x0000000086200000, 0x0000000100000000)
  region size 1024K, 72 young (73728K), 5 survivors (5120K)
 Metaspace       used 75975K, committed 76992K, reserved 1179648K
  class space    used 8787K, committed 9280K, reserved 1048576K
}
Event: 62.543 GC heap after
{Heap after GC invocations=65 (full 0):
 garbage-first heap   total reserved 1996800K, committed 307200K, used 189973K [0x0000000086200000, 0x0000000100000000)
  region size 1024K, 9 young (9216K), 9 survivors (9216K)
 Metaspace       used 75975K, committed 76992K, reserved 1179648K
  class space    used 8787K, committed 9280K, reserved 1048576K
}
Event: 64.031 GC heap before
{Heap before GC invocations=65 (full 0):
 garbage-first heap   total reserved 1996800K, committed 307200K, used 279061K [0x0000000086200000, 0x0000000100000000)
  region size 1024K, 94 young (96256K), 9 survivors (9216K)
 Metaspace       used 76218K, committed 77184K, reserved 1179648K
  class space    used 8799K, committed 9280K, reserved 1048576K
}
Event: 64.050 GC heap after
{Heap after GC invocations=66 (full 0):
 garbage-first heap   total reserved 1996800K, committed 307200K, used 197719K [0x0000000086200000, 0x0000000100000000)
  region size 1024K, 12 young (12288K), 12 survivors (12288K)
 Metaspace       used 76218K, committed 77184K, reserved 1179648K
  class space    used 8799K, committed 9280K, reserved 1048576K
}
Event: 64.065 GC heap before
{Heap before GC invocations=66 (full 0):
 garbage-first heap   total reserved 1996800K, committed 307200K, used 197719K [0x0000000086200000, 0x0000000100000000)
  region size 1024K, 13 young (13312K), 12 survivors (12288K)
 Metaspace       used 76218K, committed 77184K, reserved 1179648K
  class space    used 8799K, committed 9280K, reserved 1048576K
}
Event: 64.076 GC heap after
{Heap after GC invocations=67 (full 0):
 garbage-first heap   total reserved 1996800K, committed 307200K, used 199955K [0x0000000086200000, 0x0000000100000000)
  region size 1024K, 2 young (2048K), 2 survivors (2048K)
 Metaspace       used 76218K, committed 77184K, reserved 1179648K
  class space    used 8799K, committed 9280K, reserved 1048576K
}
Event: 65.398 GC heap before
{Heap before GC invocations=68 (full 0):
 garbage-first heap   total reserved 1996800K, committed 336896K, used 281875K [0x0000000086200000, 0x0000000100000000)
  region size 1024K, 80 young (81920K), 2 survivors (2048K)
 Metaspace       used 76273K, committed 77248K, reserved 1179648K
  class space    used 8799K, committed 9280K, reserved 1048576K
}
Event: 65.404 GC heap after
{Heap after GC invocations=69 (full 0):
 garbage-first heap   total reserved 1996800K, committed 336896K, used 205793K [0x0000000086200000, 0x0000000100000000)
  region size 1024K, 7 young (7168K), 7 survivors (7168K)
 Metaspace       used 76273K, committed 77248K, reserved 1179648K
  class space    used 8799K, committed 9280K, reserved 1048576K
}
Event: 66.119 GC heap before
{Heap before GC invocations=69 (full 0):
 garbage-first heap   total reserved 1996800K, committed 336896K, used 308193K [0x0000000086200000, 0x0000000100000000)
  region size 1024K, 104 young (106496K), 7 survivors (7168K)
 Metaspace       used 76331K, committed 77312K, reserved 1179648K
  class space    used 8800K, committed 9280K, reserved 1048576K
}
Event: 66.139 GC heap after
{Heap after GC invocations=70 (full 0):
 garbage-first heap   total reserved 1996800K, committed 336896K, used 217631K [0x0000000086200000, 0x0000000100000000)
  region size 1024K, 13 young (13312K), 13 survivors (13312K)
 Metaspace       used 76331K, committed 77312K, reserved 1179648K
  class space    used 8800K, committed 9280K, reserved 1048576K
}
Event: 67.152 GC heap before
{Heap before GC invocations=70 (full 0):
 garbage-first heap   total reserved 1996800K, committed 336896K, used 254495K [0x0000000086200000, 0x0000000100000000)
  region size 1024K, 50 young (51200K), 13 survivors (13312K)
 Metaspace       used 76408K, committed 77440K, reserved 1179648K
  class space    used 8800K, committed 9280K, reserved 1048576K
}
Event: 67.165 GC heap after
{Heap after GC invocations=71 (full 0):
 garbage-first heap   total reserved 1996800K, committed 336896K, used 220909K [0x0000000086200000, 0x0000000100000000)
  region size 1024K, 5 young (5120K), 5 survivors (5120K)
 Metaspace       used 76408K, committed 77440K, reserved 1179648K
  class space    used 8800K, committed 9280K, reserved 1048576K
}

Dll operation events (8 events):
Event: 0.028 Loaded shared library C:\Program Files\Java\jdk-22\bin\java.dll
Event: 0.115 Loaded shared library C:\Program Files\Java\jdk-22\bin\jsvml.dll
Event: 0.303 Loaded shared library C:\Program Files\Java\jdk-22\bin\net.dll
Event: 0.312 Loaded shared library C:\Program Files\Java\jdk-22\bin\nio.dll
Event: 0.330 Loaded shared library C:\Program Files\Java\jdk-22\bin\zip.dll
Event: 0.580 Loaded shared library C:\Program Files\Java\jdk-22\bin\jimage.dll
Event: 5.332 Loaded shared library C:\Program Files\Java\jdk-22\bin\verify.dll
Event: 13.963 Loaded shared library C:\Users\UsEr\AppData\Local\Temp\sqlite-3.41.2.1-97c59185-1928-4cea-954f-b747e494f674-sqlitejdbc.dll

Deoptimization events (20 events):
Event: 68.493 Thread 0x000002df1e06aac0 Uncommon trap: trap_request=0xffffff45 fr.pc=0x000002dec1657d88 relative=0x0000000000001b28
Event: 68.493 Thread 0x000002df1e06aac0 Uncommon trap: reason=unstable_if action=reinterpret pc=0x000002dec1657d88 method=org.jetbrains.kotlin.resolve.calls.smartcasts.DataFlowValueFactoryImpl.isComplexExpression(Lorg/jetbrains/kotlin/psi/KtExpression;)Z @ 59 c2
Event: 68.493 Thread 0x000002df1e06aac0 DEOPT PACKING pc=0x000002dec1657d88 sp=0x000000fccdff98b0
Event: 68.493 Thread 0x000002df1e06aac0 DEOPT UNPACKING pc=0x000002dec09646a2 sp=0x000000fccdff9808 mode 2
Event: 68.585 Thread 0x000002df1e06aac0 Uncommon trap: trap_request=0xffffff45 fr.pc=0x000002dec148148c relative=0x0000000000000a6c
Event: 68.585 Thread 0x000002df1e06aac0 Uncommon trap: reason=unstable_if action=reinterpret pc=0x000002dec148148c method=org.jetbrains.kotlin.psi.KtPsiUtil.deparenthesizeOnce(Lorg/jetbrains/kotlin/psi/KtExpression;Z)Lorg/jetbrains/kotlin/psi/KtExpression; @ 55 c2
Event: 68.585 Thread 0x000002df1e06aac0 DEOPT PACKING pc=0x000002dec148148c sp=0x000000fccdff8680
Event: 68.585 Thread 0x000002df1e06aac0 DEOPT UNPACKING pc=0x000002dec09646a2 sp=0x000000fccdff84c0 mode 2
Event: 69.397 Thread 0x000002df1e06aac0 Uncommon trap: trap_request=0xffffffde fr.pc=0x000002dec1323cfc relative=0x000000000000021c
Event: 69.397 Thread 0x000002df1e06aac0 Uncommon trap: reason=class_check action=maybe_recompile pc=0x000002dec1323cfc method=com.intellij.psi.impl.source.tree.AstBufferUtil$BufferVisitor.visitComposite(Lcom/intellij/psi/impl/source/tree/CompositeElement;)V @ 8 c2
Event: 69.397 Thread 0x000002df1e06aac0 DEOPT PACKING pc=0x000002dec1323cfc sp=0x000000fccdfefc40
Event: 69.397 Thread 0x000002df1e06aac0 DEOPT UNPACKING pc=0x000002dec09646a2 sp=0x000000fccdfefb68 mode 2
Event: 69.397 Thread 0x000002df1e06aac0 Uncommon trap: trap_request=0xffffffde fr.pc=0x000002dec1323cfc relative=0x000000000000021c
Event: 69.397 Thread 0x000002df1e06aac0 Uncommon trap: reason=class_check action=maybe_recompile pc=0x000002dec1323cfc method=com.intellij.psi.impl.source.tree.AstBufferUtil$BufferVisitor.visitComposite(Lcom/intellij/psi/impl/source/tree/CompositeElement;)V @ 8 c2
Event: 69.397 Thread 0x000002df1e06aac0 DEOPT PACKING pc=0x000002dec1323cfc sp=0x000000fccdfefc40
Event: 69.397 Thread 0x000002df1e06aac0 DEOPT UNPACKING pc=0x000002dec09646a2 sp=0x000000fccdfefb68 mode 2
Event: 69.732 Thread 0x000002df1e06aac0 Uncommon trap: trap_request=0xffffff45 fr.pc=0x000002dec1524c98 relative=0x0000000000000e58
Event: 69.732 Thread 0x000002df1e06aac0 Uncommon trap: reason=unstable_if action=reinterpret pc=0x000002dec1524c98 method=org.jetbrains.kotlin.resolve.calls.inference.model.NewConstraintSystemImpl.addOtherSystem(Lorg/jetbrains/kotlin/resolve/calls/inference/model/ConstraintStorage;ZZ)V @ 304 c2
Event: 69.732 Thread 0x000002df1e06aac0 DEOPT PACKING pc=0x000002dec1524c98 sp=0x000000fccdff0e60
Event: 69.732 Thread 0x000002df1e06aac0 DEOPT UNPACKING pc=0x000002dec09646a2 sp=0x000000fccdff0e80 mode 2

Classes loaded (20 events):
Event: 31.328 Loading class java/util/stream/LongStream
Event: 31.328 Loading class java/util/stream/LongStream done
Event: 31.328 Loading class java/util/stream/DoubleStream
Event: 31.329 Loading class java/util/stream/DoubleStream done
Event: 31.390 Loading class java/lang/Character$UnicodeBlock
Event: 31.393 Loading class java/lang/Character$Subset
Event: 31.393 Loading class java/lang/Character$Subset done
Event: 31.394 Loading class java/lang/Character$UnicodeBlock done
Event: 31.810 Loading class java/util/function/IntBinaryOperator
Event: 31.810 Loading class java/util/function/IntBinaryOperator done
Event: 34.813 Loading class java/util/stream/SliceOps
Event: 34.814 Loading class java/util/stream/SliceOps done
Event: 34.814 Loading class java/util/stream/SliceOps$1
Event: 34.815 Loading class java/util/stream/ReferencePipeline$StatefulOp
Event: 34.815 Loading class java/util/stream/ReferencePipeline$StatefulOp done
Event: 34.815 Loading class java/util/stream/SliceOps$1 done
Event: 34.825 Loading class java/util/stream/Nodes$SpinedNodeBuilder
Event: 34.826 Loading class java/util/stream/Nodes$SpinedNodeBuilder done
Event: 34.834 Loading class java/util/stream/SliceOps$1$1
Event: 34.835 Loading class java/util/stream/SliceOps$1$1 done

Classes unloaded (0 events):
No events

Classes redefined (0 events):
No events

Internal exceptions (20 events):
Event: 28.500 Thread 0x000002df1e06aac0 Exception <a 'java/lang/NoSuchMethodError'{0x000000008a6349e0}: 'java.lang.Object java.lang.invoke.DirectMethodHandle$Holder.invokeStatic(java.lang.Object, int, java.lang.Object)'> (0x000000008a6349e0) 
thrown [s\open\src\hotspot\share\interpreter\linkResolver.cpp, line 774]
Event: 31.814 Thread 0x000002df1e06aac0 Exception <a 'java/lang/IncompatibleClassChangeError'{0x0000000089cc8c70}: Found class java.lang.Object, but interface was expected> (0x0000000089cc8c70) 
thrown [s\open\src\hotspot\share\interpreter\linkResolver.cpp, line 841]
Event: 31.815 Thread 0x000002df1e06aac0 Exception <a 'java/lang/NoSuchMethodError'{0x0000000089ccbb40}: 'int java.lang.invoke.DirectMethodHandle$Holder.invokeSpecialIFC(java.lang.Object, java.lang.Object, java.lang.Object)'> (0x0000000089ccbb40) 
thrown [s\open\src\hotspot\share\interpreter\linkResolver.cpp, line 774]
Event: 31.876 Thread 0x000002df1e06aac0 Exception <a 'java/lang/NoSuchMethodError'{0x0000000089b722a8}: 'java.lang.Object java.lang.invoke.DirectMethodHandle$Holder.invokeStatic(java.lang.Object, int, int, java.lang.Object)'> (0x0000000089b722a8) 
thrown [s\open\src\hotspot\share\interpreter\linkResolver.cpp, line 774]
Event: 32.264 Thread 0x000002df1e06aac0 Exception <a 'java/lang/NoSuchMethodError'{0x0000000089e3fbf8}: 'java.lang.Object java.lang.invoke.DirectMethodHandle$Holder.newInvokeSpecial(java.lang.Object, java.lang.Object, java.lang.Object, java.lang.Object, java.lang.Object, java.lang.Object, java.lang.Object, int, java.lang.Object)'> (0x0000000089e3fbf8) 
thrown [s\open\src\hotspot\share\interpreter\linkResolver.cpp, line 774]
Event: 32.855 Thread 0x000002df1e06aac0 Implicit null exception at 0x000002dec124fc44 to 0x000002dec124fda8
Event: 33.823 Thread 0x000002df1e06aac0 Exception <a 'java/lang/IncompatibleClassChangeError'{0x000000008bd16060}: Found class java.lang.Object, but interface was expected> (0x000000008bd16060) 
thrown [s\open\src\hotspot\share\interpreter\linkResolver.cpp, line 841]
Event: 34.935 Thread 0x000002df1e06aac0 Implicit null exception at 0x000002dec11dbed4 to 0x000002dec11dbfb0
Event: 34.953 Thread 0x000002df1e06aac0 Implicit null exception at 0x000002dec11dba20 to 0x000002dec11dbab4
Event: 34.973 Thread 0x000002df1e06aac0 Exception <a 'java/lang/NoSuchMethodError'{0x000000008b024098}: 'java.lang.Object java.lang.invoke.DirectMethodHandle$Holder.invokeStatic(java.lang.Object, int, java.lang.Object, java.lang.Object)'> (0x000000008b024098) 
thrown [s\open\src\hotspot\share\interpreter\linkResolver.cpp, line 774]
Event: 34.974 Thread 0x000002df1e06aac0 Exception <a 'java/lang/NoSuchMethodError'{0x000000008b02b328}: 'java.lang.Object java.lang.invoke.DirectMethodHandle$Holder.newInvokeSpecial(java.lang.Object, int, java.lang.Object)'> (0x000000008b02b328) 
thrown [s\open\src\hotspot\share\interpreter\linkResolver.cpp, line 774]
Event: 35.850 Thread 0x000002df1e06aac0 Exception <a 'java/lang/NoSuchMethodError'{0x000000008a6556f8}: 'java.lang.Object java.lang.invoke.DirectMethodHandle$Holder.invokeStatic(java.lang.Object, java.lang.Object, int, java.lang.Object)'> (0x000000008a6556f8) 
thrown [s\open\src\hotspot\share\interpreter\linkResolver.cpp, line 774]
Event: 35.850 Thread 0x000002df1e06aac0 Exception <a 'java/lang/NoSuchMethodError'{0x000000008a65cb18}: 'java.lang.Object java.lang.invoke.DirectMethodHandle$Holder.newInvokeSpecial(java.lang.Object, java.lang.Object, int, java.lang.Object)'> (0x000000008a65cb18) 
thrown [s\open\src\hotspot\share\interpreter\linkResolver.cpp, line 774]
Event: 35.851 Thread 0x000002df1e06aac0 Exception <a 'java/lang/NoSuchMethodError'{0x000000008a661468}: 'java.lang.Object java.lang.invoke.DirectMethodHandle$Holder.invokeSpecial(java.lang.Object, java.lang.Object, java.lang.Object, int, java.lang.Object)'> (0x000000008a661468) 
thrown [s\open\src\hotspot\share\interpreter\linkResolver.cpp, line 774]
Event: 35.851 Thread 0x000002df1e06aac0 Exception <a 'java/lang/NoSuchMethodError'{0x000000008a6658e8}: 'java.lang.Object java.lang.invoke.Invokers$Holder.linkToTargetMethod(java.lang.Object, int, java.lang.Object, java.lang.Object)'> (0x000000008a6658e8) 
thrown [s\open\src\hotspot\share\interpreter\linkResolver.cpp, line 774]
Event: 38.528 Thread 0x000002df1e06aac0 Exception <a 'java/lang/NoSuchMethodError'{0x000000008b125100}: 'java.lang.Object java.lang.invoke.DirectMethodHandle$Holder.invokeStatic(java.lang.Object, java.lang.Object, java.lang.Object, java.lang.Object, java.lang.Object, java.lang.Object, java.lang.Object, java.lang.Object, int)'> (0x000000008b125100) 
thrown [s\open\src\hotspot\share\interpreter\linkResolver.cpp, line 774]
Event: 38.530 Thread 0x000002df1e06aac0 Exception <a 'java/lang/NoSuchMethodError'{0x000000008b12e960}: 'java.lang.Object java.lang.invoke.DirectMethodHandle$Holder.newInvokeSpecial(java.lang.Object, java.lang.Object, java.lang.Object, java.lang.Object, java.lang.Object, java.lang.Object, java.lang.Object, java.lang.Object, int)'> (0x000000008b12e960) 
thrown [s\open\src\hotspot\share\interpreter\linkResolver.cpp, line 774]
Event: 38.531 Thread 0x000002df1e06aac0 Exception <a 'java/lang/NoSuchMethodError'{0x000000008b133320}: 'java.lang.Object java.lang.invoke.DirectMethodHandle$Holder.invokeSpecial(java.lang.Object, java.lang.Object, java.lang.Object, java.lang.Object, java.lang.Object, java.lang.Object, java.lang.Object, java.lang.Object, java.lang.Object, int)'> (0x000000008b133320) 
thrown [s\open\src\hotspot\share\interpreter\linkResolver.cpp, line 774]
Event: 38.531 Thread 0x000002df1e06aac0 Exception <a 'java/lang/NoSuchMethodError'{0x000000008b1374f8}: 'java.lang.Object java.lang.invoke.Invokers$Holder.linkToTargetMethod(java.lang.Object, java.lang.Object, java.lang.Object, java.lang.Object, java.lang.Object, java.lang.Object, java.lang.Object, int, java.lang.Object)'> (0x000000008b1374f8) 
thrown [s\open\src\hotspot\share\interpreter\linkResolver.cpp, line 774]
Event: 50.861 Thread 0x000002df1e06aac0 Exception <a 'java/lang/NoSuchMethodError'{0x00000000943ede60}: 'java.lang.Object java.lang.invoke.DirectMethodHandle$Holder.newInvokeSpecial(java.lang.Object, java.lang.Object, java.lang.Object, java.lang.Object, int, int)'> (0x00000000943ede60) 
thrown [s\open\src\hotspot\share\interpreter\linkResolver.cpp, line 774]

ZGC Phase Switch (0 events):
No events

VM Operations (20 events):
Event: 64.548 Executing VM operation: G1PauseRemark
Event: 64.575 Executing VM operation: G1PauseRemark done
Event: 64.749 Executing VM operation: G1PauseCleanup
Event: 64.767 Executing VM operation: G1PauseCleanup done
Event: 65.398 Executing VM operation: G1CollectForAllocation (G1 Evacuation Pause)
Event: 65.404 Executing VM operation: G1CollectForAllocation (G1 Evacuation Pause) done
Event: 65.865 Executing VM operation: HandshakeAllThreads (Deoptimize)
Event: 65.865 Executing VM operation: HandshakeAllThreads (Deoptimize) done
Event: 66.119 Executing VM operation: G1CollectForAllocation (G1 Evacuation Pause)
Event: 66.139 Executing VM operation: G1CollectForAllocation (G1 Evacuation Pause) done
Event: 67.147 Executing VM operation: Cleanup
Event: 67.147 Executing VM operation: Cleanup done
Event: 67.152 Executing VM operation: G1TryInitiateConcMark (G1 Humongous Allocation)
Event: 67.165 Executing VM operation: G1TryInitiateConcMark (G1 Humongous Allocation) done
Event: 67.701 Executing VM operation: G1PauseRemark
Event: 67.719 Executing VM operation: G1PauseRemark done
Event: 68.043 Executing VM operation: G1PauseCleanup
Event: 68.069 Executing VM operation: G1PauseCleanup done
Event: 69.082 Executing VM operation: Cleanup
Event: 69.083 Executing VM operation: Cleanup done

Memory protections (0 events):
No events

Nmethod flushes (20 events):
Event: 67.718 Thread 0x000002decdefbb00 flushing  nmethod 0x000002deb9fcd910
Event: 67.718 Thread 0x000002decdefbb00 flushing  nmethod 0x000002deba01ed10
Event: 67.718 Thread 0x000002decdefbb00 flushing  nmethod 0x000002deba10ef90
Event: 67.718 Thread 0x000002decdefbb00 flushing  nmethod 0x000002deba13a090
Event: 67.718 Thread 0x000002decdefbb00 flushing  nmethod 0x000002deba2bdc90
Event: 67.718 Thread 0x000002decdefbb00 flushing  nmethod 0x000002deba3ffa10
Event: 67.718 Thread 0x000002decdefbb00 flushing  nmethod 0x000002deba4de510
Event: 67.718 Thread 0x000002decdefbb00 flushing  nmethod 0x000002dec1403910
Event: 67.718 Thread 0x000002decdefbb00 flushing  nmethod 0x000002deb94c1010
Event: 67.718 Thread 0x000002decdefbb00 flushing  nmethod 0x000002deb9952210
Event: 67.718 Thread 0x000002decdefbb00 flushing  nmethod 0x000002deb9bbf490
Event: 67.718 Thread 0x000002decdefbb00 flushing  nmethod 0x000002deb9ce7c90
Event: 67.718 Thread 0x000002decdefbb00 flushing  nmethod 0x000002deb9e58590
Event: 67.718 Thread 0x000002decdefbb00 flushing  nmethod 0x000002deb9f10790
Event: 67.718 Thread 0x000002decdefbb00 flushing  nmethod 0x000002deb9f11c10
Event: 67.718 Thread 0x000002decdefbb00 flushing  nmethod 0x000002deb9f13710
Event: 67.718 Thread 0x000002decdefbb00 flushing  nmethod 0x000002deba190010
Event: 67.718 Thread 0x000002decdefbb00 flushing  nmethod 0x000002deba4ffa10
Event: 67.718 Thread 0x000002decdefbb00 flushing  nmethod 0x000002deba75ae90
Event: 67.718 Thread 0x000002decdefbb00 flushing  nmethod 0x000002deba88dd10

Events (20 events):
Event: 48.904 Thread 0x000002df1f989020 Thread exited: 0x000002df1f989020
Event: 50.508 Thread 0x000002decdf4f1c0 Thread added: 0x000002df1f989020
Event: 50.864 Thread 0x000002df1f989020 Thread exited: 0x000002df1f989020
Event: 51.636 Thread 0x000002decdf525a0 Thread added: 0x000002df1f989dc0
Event: 51.819 Thread 0x000002df1f989dc0 Thread exited: 0x000002df1f989dc0
Event: 54.160 Thread 0x000002decdf4f1c0 Thread added: 0x000002df1f986070
Event: 54.405 Thread 0x000002df1f986070 Thread exited: 0x000002df1f986070
Event: 57.860 Thread 0x000002decdf525a0 Thread added: 0x000002df1f98a490
Event: 59.851 Thread 0x000002df1f98a490 Thread exited: 0x000002df1f98a490
Event: 60.868 Thread 0x000002decdf525a0 Thread added: 0x000002df1f98a490
Event: 61.815 Thread 0x000002decdf525a0 Thread added: 0x000002df1decccf0
Event: 62.161 Thread 0x000002df1decccf0 Thread exited: 0x000002df1decccf0
Event: 62.551 Thread 0x000002df1f98a490 Thread exited: 0x000002df1f98a490
Event: 62.778 Thread 0x000002decdf525a0 Thread added: 0x000002df1dec9d40
Event: 63.156 Thread 0x000002decdf4f1c0 Thread added: 0x000002df1dece830
Event: 63.440 Thread 0x000002df1dece830 Thread exited: 0x000002df1dece830
Event: 65.086 Thread 0x000002df1dec9d40 Thread exited: 0x000002df1dec9d40
Event: 66.976 Thread 0x000002decdf4f1c0 Thread added: 0x000002df1dec9d40
Event: 67.368 Thread 0x000002df1dec9d40 Thread exited: 0x000002df1dec9d40
Event: 68.831 Thread 0x000002decdf525a0 Thread added: 0x000002df1decb1b0


Dynamic libraries:
0x00007ff6e6480000 - 0x00007ff6e6490000 	C:\Program Files\Java\jdk-22\bin\java.exe
0x00007ffe219f0000 - 0x00007ffe21be8000 	C:\Windows\SYSTEM32\ntdll.dll
0x00007ffe20f10000 - 0x00007ffe20fd2000 	C:\Windows\System32\KERNEL32.DLL
0x00007ffe1f1b0000 - 0x00007ffe1f4a6000 	C:\Windows\System32\KERNELBASE.dll
0x00007ffe1f4e0000 - 0x00007ffe1f5e0000 	C:\Windows\System32\ucrtbase.dll
0x00007ffdf66f0000 - 0x00007ffdf670b000 	C:\Program Files\Java\jdk-22\bin\VCRUNTIME140.dll
0x00007ffdf9420000 - 0x00007ffdf9437000 	C:\Program Files\Java\jdk-22\bin\jli.dll
0x00007ffe211a0000 - 0x00007ffe2133d000 	C:\Windows\System32\USER32.dll
0x00007ffe1f9a0000 - 0x00007ffe1f9c2000 	C:\Windows\System32\win32u.dll
0x00007ffe0a960000 - 0x00007ffe0abfa000 	C:\Windows\WinSxS\amd64_microsoft.windows.common-controls_6595b64144ccf1df_6.0.19041.5794_none_60bcd33171f2783c\COMCTL32.dll
0x00007ffe1ffb0000 - 0x00007ffe1ffdb000 	C:\Windows\System32\GDI32.dll
0x00007ffe203d0000 - 0x00007ffe2046e000 	C:\Windows\System32\msvcrt.dll
0x00007ffe1f090000 - 0x00007ffe1f1aa000 	C:\Windows\System32\gdi32full.dll
0x00007ffe1f870000 - 0x00007ffe1f90d000 	C:\Windows\System32\msvcp_win.dll
0x00007ffe204d0000 - 0x00007ffe204ff000 	C:\Windows\System32\IMM32.DLL
0x00007ffdfadc0000 - 0x00007ffdfadcc000 	C:\Program Files\Java\jdk-22\bin\vcruntime140_1.dll
0x00007ffdec900000 - 0x00007ffdec98e000 	C:\Program Files\Java\jdk-22\bin\msvcp140.dll
0x00007ffdc20a0000 - 0x00007ffdc2de9000 	C:\Program Files\Java\jdk-22\bin\server\jvm.dll
0x00007ffe21090000 - 0x00007ffe2113f000 	C:\Windows\System32\ADVAPI32.dll
0x00007ffe20040000 - 0x00007ffe200df000 	C:\Windows\System32\sechost.dll
0x00007ffe20270000 - 0x00007ffe20393000 	C:\Windows\System32\RPCRT4.dll
0x00007ffe1f4b0000 - 0x00007ffe1f4d7000 	C:\Windows\System32\bcrypt.dll
0x00007ffe21700000 - 0x00007ffe2176b000 	C:\Windows\System32\WS2_32.dll
0x00007ffe0c0d0000 - 0x00007ffe0c0da000 	C:\Windows\SYSTEM32\VERSION.dll
0x00007ffe0b900000 - 0x00007ffe0b927000 	C:\Windows\SYSTEM32\WINMM.dll
0x00007ffe1e5d0000 - 0x00007ffe1e61b000 	C:\Windows\SYSTEM32\POWRPROF.dll
0x00007ffe1e490000 - 0x00007ffe1e4a2000 	C:\Windows\SYSTEM32\UMPDC.dll
0x00007ffe1d8b0000 - 0x00007ffe1d8c2000 	C:\Windows\SYSTEM32\kernel.appcore.dll
0x00007ffdfa3a0000 - 0x00007ffdfa3aa000 	C:\Program Files\Java\jdk-22\bin\jimage.dll
0x00007ffe1d5e0000 - 0x00007ffe1d7c4000 	C:\Windows\SYSTEM32\DBGHELP.DLL
0x00007ffdfb3b0000 - 0x00007ffdfb3e4000 	C:\Windows\SYSTEM32\dbgcore.DLL
0x00007ffe1f910000 - 0x00007ffe1f992000 	C:\Windows\System32\bcryptPrimitives.dll
0x00007ffdf5e60000 - 0x00007ffdf5e7e000 	C:\Program Files\Java\jdk-22\bin\java.dll
0x00007ffe205f0000 - 0x00007ffe20d5e000 	C:\Windows\System32\SHELL32.dll
0x00007ffe20de0000 - 0x00007ffe20f0b000 	C:\Windows\System32\ole32.dll
0x00007ffe21340000 - 0x00007ffe21693000 	C:\Windows\System32\combase.dll
0x00007ffe1cd60000 - 0x00007ffe1d503000 	C:\Windows\SYSTEM32\windows.storage.dll
0x00007ffe1eac0000 - 0x00007ffe1eaeb000 	C:\Windows\SYSTEM32\Wldp.dll
0x00007ffe20500000 - 0x00007ffe205cd000 	C:\Windows\System32\OLEAUT32.dll
0x00007ffe200e0000 - 0x00007ffe2018d000 	C:\Windows\System32\SHCORE.dll
0x00007ffe21140000 - 0x00007ffe21195000 	C:\Windows\System32\shlwapi.dll
0x00007ffe1efc0000 - 0x00007ffe1efe5000 	C:\Windows\SYSTEM32\profapi.dll
0x00007ffdec6d0000 - 0x00007ffdec7a7000 	C:\Program Files\Java\jdk-22\bin\jsvml.dll
0x00007ffdf9d00000 - 0x00007ffdf9d10000 	C:\Program Files\Java\jdk-22\bin\net.dll
0x00007ffe1e820000 - 0x00007ffe1e88c000 	C:\Windows\system32\mswsock.dll
0x00007ffdf5b30000 - 0x00007ffdf5b46000 	C:\Program Files\Java\jdk-22\bin\nio.dll
0x00007ffdf5b10000 - 0x00007ffdf5b27000 	C:\Program Files\Java\jdk-22\bin\zip.dll
0x00007ffe1ea20000 - 0x00007ffe1ea38000 	C:\Windows\SYSTEM32\CRYPTSP.dll
0x00007ffe1e0d0000 - 0x00007ffe1e108000 	C:\Windows\system32\rsaenh.dll
0x00007ffe1ef80000 - 0x00007ffe1efae000 	C:\Windows\SYSTEM32\USERENV.dll
0x00007ffe1ea10000 - 0x00007ffe1ea1c000 	C:\Windows\SYSTEM32\CRYPTBASE.dll
0x00007ffe1e4b0000 - 0x00007ffe1e4eb000 	C:\Windows\SYSTEM32\IPHLPAPI.DLL
0x00007ffe203a0000 - 0x00007ffe203a8000 	C:\Windows\System32\NSI.dll
0x00007ffdf99b0000 - 0x00007ffdf99c0000 	C:\Program Files\Java\jdk-22\bin\verify.dll
0x00007ffde5180000 - 0x00007ffde5269000 	C:\Users\UsEr\AppData\Local\Temp\sqlite-3.41.2.1-97c59185-1928-4cea-954f-b747e494f674-sqlitejdbc.dll

dbghelp: loaded successfully - version: 4.0.5 - missing functions: none
symbol engine: initialized successfully - sym options: 0x614 - pdb path: .;C:\Program Files\Java\jdk-22\bin;C:\Windows\SYSTEM32;C:\Windows\WinSxS\amd64_microsoft.windows.common-controls_6595b64144ccf1df_6.0.19041.5794_none_60bcd33171f2783c;C:\Program Files\Java\jdk-22\bin\server;C:\Users\UsEr\AppData\Local\Temp

VM Arguments:
jvm_args: -DkotlinLanguageServer.version=1.3.13 
java_command: org.javacs.kt.MainKt
java_class_path (initial): c:\Users\UsEr\AppData\Roaming\Code\User\globalStorage\fwcd.kotlin\langServerInstall\server\lib\server-1.3.13.jar;c:\Users\UsEr\AppData\Roaming\Code\User\globalStorage\fwcd.kotlin\langServerInstall\server\lib\shared-1.3.13.jar;c:\Users\UsEr\AppData\Roaming\Code\User\globalStorage\fwcd.kotlin\langServerInstall\server\lib\kotlin-scripting-jvm-host-unshaded-2.1.0.jar;c:\Users\UsEr\AppData\Roaming\Code\User\globalStorage\fwcd.kotlin\langServerInstall\server\lib\kotlin-scripting-compiler-2.1.0.jar;c:\Users\UsEr\AppData\Roaming\Code\User\globalStorage\fwcd.kotlin\langServerInstall\server\lib\ktfmt-b5d31d1.jar;c:\Users\UsEr\AppData\Roaming\Code\User\globalStorage\fwcd.kotlin\langServerInstall\server\lib\kotlin-compiler-2.1.0.jar;c:\Users\UsEr\AppData\Roaming\Code\User\globalStorage\fwcd.kotlin\langServerInstall\server\lib\exposed-dao-0.37.3.jar;c:\Users\UsEr\AppData\Roaming\Code\User\globalStorage\fwcd.kotlin\langServerInstall\server\lib\exposed-jdbc-0.37.3.jar;c:\Users\UsEr\AppData\Roaming\Code\User\globalStorage\fwcd.kotlin\langServerInstall\server\lib\exposed-core-0.37.3.jar;c:\Users\UsEr\AppData\Roaming\Code\User\globalStorage\fwcd.kotlin\langServerInstall\server\lib\kotlin-scripting-compiler-impl-2.1.0.jar;c:\Users\UsEr\AppData\Roaming\Code\User\globalStorage\fwcd.kotlin\langServerInstall\server\lib\kotlin-reflect-2.1.0.jar;c:\Users\UsEr\AppData\Roaming\Code\User\globalStorage\fwcd.kotlin\langServerInstall\server\lib\kotlin-scripting-jvm-2.1.0.jar;c:\Users\UsEr\AppData\Roaming\Code\User\globalStorage\fwcd.kotlin\langServerInstall\server\lib\kotlin-scripting-common-2.1.0.jar;c:\Users\UsEr\AppData\Roaming\Code\User\globalStorage\fwcd.kotlin\langServerInstall\server\lib\kotlinx-coroutines-core-jvm-1.6.4.jar;c:\Users\UsEr\AppData\Roaming\Code\User\globalStorage\fwcd.kotlin\langServerInstall\server\lib\kotlin-stdlib-jdk8-2.1.0.jar;c:\Users\UsEr\AppData\Roaming\Code\User\globalStorage\fwcd.kotlin\langServerInstall\server\lib\kotlin-stdlib-jdk7-2.1.0.jar;c:\Users\UsEr\AppData\Roaming\Code\User\globalStorage\fwcd.kotlin\langServerInstall\server\lib\kotlin-stdlib-2.1.0.jar;c:\Users\UsEr\AppData\Roaming\Code\User\globalStorage\fwcd.kotlin\langServerInstall\server\lib\org.eclipse.lsp4j-0.21.2.jar;c:\Users\UsEr\AppData\Roaming\Code\User\globalStorage\fwcd.kotlin\langServerInstall\server\lib\org.eclipse.lsp4j.jsonrpc-0.21.2.jar;c:\Users\UsEr\AppData\Roaming\Code\User\globalStorage\fwcd.kotlin\langServerInstall\server\lib\kotlin-sam-with-receiver-compiler-plugin-2.1.0.jar;c:\Users\UsEr\AppData\Roaming\Code\User\globalStorage\fwcd.kotlin\langServerInstall\server\lib\fernflower-1.0.jar;c:\Users\UsEr\AppData\Roaming\Code\User\globalStorage\fwcd.kotlin\langServerInstall\server\lib\h2-1.4.200.jar;c:\Users\UsEr\AppData\Roaming\Code\User\globalStorage\fwcd.kotlin\langServerInstall\server\lib\jcommander-1.78.jar;c:\Users\UsEr\AppData\Roaming\Code\User\globalStorage\fwcd.kotlin\langServerInstall\server\lib\sqlite-jdbc-3.41.2.1.jar;c:\Users\UsEr\AppData\Roaming\Code\User\globalStorage\fwcd.kotlin\langServerInstall\server\lib\google-java-format-1.8.jar;c:\Users\UsEr\AppData\Roaming\Code\User\globalStorage\fwcd.kotlin\langServerInstall\server\lib\guava-33.3.0-jre.jar;c:\Users\UsEr\AppData\Roaming\Code\User\globalStorage\fwcd.kotlin\langServerInstall\server\lib\annotations-13.0.jar;c:\Users\UsEr\AppData\Roaming\Code\User\globalStorage\fwcd.kotlin\langServerInstall\server\lib\gson-2.10.1.jar;c:\Users\UsEr\AppData\Roaming\Code\User\globalStorage\fwcd.kotlin\langServerInstall\server\lib\kotlin-script-runtime-2.1.0.jar;c:\Users\UsEr\AppData\Roaming\Code\User\globalStorage\fwcd.kotlin\langServerInstall\server\lib\trove4j-1.0.20200330.jar;c:\Users\UsEr\AppData\Roaming\Code\User\globalStorage\fwcd.kotlin\langServerInstall\server\lib\jline-3.24.1.jar;c:\Users\UsEr\AppData\Roaming\Code\User\globalStorage\fwcd.kotlin\langServerInstall\server\lib\slf4j-api-1.7.25.jar;c:\Users\UsEr\AppData\Roaming\Code\User\globalStorage\fwcd.kotlin\langServerInstall\server\lib\jna-4.2.2.jar;c:\Users\UsEr\AppData\Roaming\Code\User\globalStorage\fwcd.kotlin\langServerInstall\server\lib\failureaccess-1.0.2.jar;c:\Users\UsEr\AppData\Roaming\Code\User\globalStorage\fwcd.kotlin\langServerInstall\server\lib\listenablefuture-9999.0-empty-to-avoid-conflict-with-guava.jar;c:\Users\UsEr\AppData\Roaming\Code\User\globalStorage\fwcd.kotlin\langServerInstall\server\lib\jsr305-3.0.2.jar;c:\Users\UsEr\AppData\Roaming\Code\User\globalStorage\fwcd.kotlin\langServerInstall\server\lib\checker-qual-3.43.0.jar;c:\Users\UsEr\AppData\Roaming\Code\User\globalStorage\fwcd.kotlin\langServerInstall\server\lib\error_prone_annotations-2.28.0.jar
Launcher Type: SUN_STANDARD

[Global flags]
     intx CICompilerCount                          = 4                                         {product} {ergonomic}
     uint ConcGCThreads                            = 2                                         {product} {ergonomic}
     uint G1ConcRefinementThreads                  = 8                                         {product} {ergonomic}
   size_t G1HeapRegionSize                         = 1048576                                   {product} {ergonomic}
   size_t InitialHeapSize                          = 127926272                                 {product} {ergonomic}
   size_t MarkStackSize                            = 4194304                                   {product} {ergonomic}
   size_t MaxHeapSize                              = 2044723200                                {product} {ergonomic}
   size_t MaxNewSize                               = 1226833920                                {product} {ergonomic}
   size_t MinHeapDeltaBytes                        = 1048576                                   {product} {ergonomic}
   size_t MinHeapSize                              = 8388608                                   {product} {ergonomic}
    uintx NonNMethodCodeHeapSize                   = 5839372                                {pd product} {ergonomic}
    uintx NonProfiledCodeHeapSize                  = 122909434                              {pd product} {ergonomic}
    uintx ProfiledCodeHeapSize                     = 122909434                              {pd product} {ergonomic}
    uintx ReservedCodeCacheSize                    = 251658240                              {pd product} {ergonomic}
     bool SegmentedCodeCache                       = true                                      {product} {ergonomic}
   size_t SoftMaxHeapSize                          = 2044723200                             {manageable} {ergonomic}
     bool UseCompressedOops                        = true                           {product lp64_product} {ergonomic}
     bool UseG1GC                                  = true                                      {product} {ergonomic}
     bool UseLargePagesIndividualAllocation        = false                                  {pd product} {ergonomic}

Logging:
Log output configuration:
 #0: stdout all=warning uptime,level,tags foldmultilines=false
 #1: stderr all=off uptime,level,tags foldmultilines=false

Environment Variables:
CLASSPATH=c:\Users\UsEr\AppData\Roaming\Code\User\globalStorage\fwcd.kotlin\langServerInstall\server\lib\server-1.3.13.jar;c:\Users\UsEr\AppData\Roaming\Code\User\globalStorage\fwcd.kotlin\langServerInstall\server\lib\shared-1.3.13.jar;c:\Users\UsEr\AppData\Roaming\Code\User\globalStorage\fwcd.kotlin\langServerInstall\server\lib\kotlin-scripting-jvm-host-unshaded-2.1.0.jar;c:\Users\UsEr\AppData\Roaming\Code\User\globalStorage\fwcd.kotlin\langServerInstall\server\lib\kotlin-scripting-compiler-2.1.0.jar;c:\Users\UsEr\AppData\Roaming\Code\User\globalStorage\fwcd.kotlin\langServerInstall\server\lib\ktfmt-b5d31d1.jar;c:\Users\UsEr\AppData\Roaming\Code\User\globalStorage\fwcd.kotlin\langServerInstall\server\lib\kotlin-compiler-2.1.0.jar;c:\Users\UsEr\AppData\Roaming\Code\User\globalStorage\fwcd.kotlin\langServerInstall\server\lib\exposed-dao-0.37.3.jar;c:\Users\UsEr\AppData\Roaming\Code\User\globalStorage\fwcd.kotlin\langServerInstall\server\lib\exposed-jdbc-0.37.3.jar;c:\Users\UsEr\AppData\Roaming\Code\User\globalStorage\fwcd.kotlin\langServerInstall\server\lib\exposed-core-0.37.3.jar;c:\Users\UsEr\AppData\Roaming\Code\User\globalStorage\fwcd.kotlin\langServerInstall\server\lib\kotlin-scripting-compiler-impl-2.1.0.jar;c:\Users\UsEr\AppData\Roaming\Code\User\globalStorage\fwcd.kotlin\langServerInstall\server\lib\kotlin-reflect-2.1.0.jar;c:\Users\UsEr\AppData\Roaming\Code\User\globalStorage\fwcd.kotlin\langServerInstall\server\lib\kotlin-scripting-jvm-2.1.0.jar;c:\Users\UsEr\AppData\Roaming\Code\User\globalStorage\fwcd.kotlin\langServerInstall\server\lib\kotlin-scripting-common-2.1.0.jar;c:\Users\UsEr\AppData\Roaming\Code\User\globalStorage\fwcd.kotlin\langServerInstall\server\lib\kotlinx-coroutines-core-jvm-1.6.4.jar;c:\Users\UsEr\AppData\Roaming\Code\User\globalStorage\fwcd.kotlin\langServerInstall\server\lib\kotlin-stdlib-jdk8-2.1.0.jar;c:\Users\UsEr\AppData\Roaming\Code\User\globalStorage\fwcd.kotlin\langServerInstall\server\lib\kotlin-stdlib-jdk7-2.1.0.jar;c:\Users\UsEr\AppData\Roaming\Code\User\globalStorage\fwcd.kotlin\langServerInstall\server\lib\kotlin-stdlib-2.1.0.jar;c:\Users\UsEr\AppData\Roaming\Code\User\globalStorage\fwcd.kotlin\langServerInstall\server\lib\org.eclipse.lsp4j-0.21.2.jar;c:\Users\UsEr\AppData\Roaming\Code\User\globalStorage\fwcd.kotlin\langServerInstall\server\lib\org.eclipse.lsp4j.jsonrpc-0.21.2.jar;c:\Users\UsEr\AppData\Roaming\Code\User\globalStorage\fwcd.kotlin\langServerInstall\server\lib\kotlin-sam-with-receiver-compiler-plugin-2.1.0.jar;c:\Users\UsEr\AppData\Roaming\Code\User\globalStorage\fwcd.kotlin\langServerInstall\server\lib\fernflower-1.0.jar;c:\Users\UsEr\AppData\Roaming\Code\User\globalStorage\fwcd.kotlin\langServerInstall\server\lib\h2-1.4.200.jar;c:\Users\UsEr\AppData\Roaming\Code\User\globalStorage\fwcd.kotlin\langServerInstall\server\lib\jcommander-1.78.jar;c:\Users\UsEr\AppData\Roaming\Code\User\globalStorage\fwcd.kotlin\langServerInstall\server\lib\sqlite-jdbc-3.41.2.1.jar;c:\Users\UsEr\AppData\Roaming\Code\User\globalStorage\fwcd.kotlin\langServerInstall\server\lib\google-java-format-1.8.jar;c:\Users\UsEr\AppData\Roaming\Code\User\globalStorage\fwcd.kotlin\langServerInstall\server\lib\guava-33.3.0-jre.jar;c:\Users\UsEr\AppData\Roaming\Code\User\globalStorage\fwcd.kotlin\langServerInstall\server\lib\annotations-13.0.jar;c:\Users\UsEr\AppData\Roaming\Code\User\globalStorage\fwcd.kotlin\langServerInstall\server\lib\gson-2.10.1.jar;c:\Users\UsEr\AppData\Roaming\Code\User\globalStorage\fwcd.kotlin\langServerInstall\server\lib\kotlin-script-runtime-2.1.0.jar;c:\Users\UsEr\AppData\Roaming\Code\User\globalStorage\fwcd.kotlin\langServerInstall\server\lib\trove4j-1.0.20200330.jar;c:\Users\UsEr\AppData\Roaming\Code\User\globalStorage\fwcd.kotlin\langServerInstall\server\lib\jline-3.24.1.jar;c:\Users\UsEr\AppData\Roaming\Code\User\globalStorage\fwcd.kotlin\langServerInstall\server\lib\slf4j-api-1.7.25.jar;c:\Users\UsEr\AppData\Roaming\Code\User\globalStorage\fwcd.kotlin\langServerInstall\server\lib\jna-4.2.2.jar;c:\Users\UsEr\AppData\Roaming\Code\User\globalStorage\fwcd.kotlin\langServerInstall\server\lib\failureaccess-1.0.2.jar;c:\Users\UsEr\AppData\Roaming\Code\User\globalStorage\fwcd.kotlin\langServerInstall\server\lib\listenablefuture-9999.0-empty-to-avoid-conflict-with-guava.jar;c:\Users\UsEr\AppData\Roaming\Code\User\globalStorage\fwcd.kotlin\langServerInstall\server\lib\jsr305-3.0.2.jar;c:\Users\UsEr\AppData\Roaming\Code\User\globalStorage\fwcd.kotlin\langServerInstall\server\lib\checker-qual-3.43.0.jar;c:\Users\UsEr\AppData\Roaming\Code\User\globalStorage\fwcd.kotlin\langServerInstall\server\lib\error_prone_annotations-2.28.0.jar
PATH=C:\Program Files\Common Files\Oracle\Java\javapath;c:\Users\UsEr\AppData\Local\Programs\cursor\resources\app\bin;C:\Program Files (x86)\Common Files\Intel\Shared Files\cpp\bin\Intel64;C:\Windows\system32;C:\Windows;C:\Windows\System32\Wbem;C:\Windows\System32\WindowsPowerShell\v1.0\;C:\Windows\System32\OpenSSH\;C:\Program Files\Intel\WiFi\bin\;C:\Program Files\Common Files\Intel\WirelessCommon\;C:\Program Files\Git\cmd;C:\msys64\mingw64\bin;C:\Program Files\OpenSSL-Win64;C:\xampp\php;C:\ProgramData\ComposerSetup\bin;C:\Users\UsEr\AppData\Local\Microsoft\WindowsApps;C:\Users\UsEr\AppData\Roaming\Composer\vendor\bin;C:\Users\UsEr\AppData\Roaming\npm;c:\Users\UsEr\AppData\Local\Programs\cursor\resources\app\bin;c:\Users\UsEr\AppData\Local\Programs\cursor\resources\app\bin;C:\Program Files\nodejs\;C:\src\flutter\bin;C:\Program Files\Microsoft VS Code\bin;C:\Users\UsEr\AppData\Local\Packages\PythonSoftwareFoundation.Python.3.11_qbz5n2kfra8p0\LocalCache\local-packages\Python311\site-packages;C:\Users\UsEr\AppData\Local\Programs\Python\Python310\Scripts\;C:\Users\UsEr\AppData\Local\Programs\Python\Python310\;C:\Users\UsEr\AppData\Local\Microsoft\WindowsApps;C:\Users\UsEr\AppData\Roaming\Composer\vendor\bin;C:\Program Files\JetBrains\IntelliJ IDEA Community Edition 2024.2.0.2\bin;C:\Users\UsEr\AppData\Roaming\npm;C:\Users\UsEr\AppData\Local\GitHubDesktop\bin;C:\Windows\System32\WindowsPowerShell\v1.0;C:\src\flutter\bin;C:\Users\UsEr\.lmstudio\bin;C:\Program Files\kotlinc\bin;C:\Users\UsEr\AppData\Local\Programs\cursor\resources\app\bin
USERNAME=UsEr
OS=Windows_NT
PROCESSOR_IDENTIFIER=Intel64 Family 6 Model 142 Stepping 10, GenuineIntel
TMP=C:\Users\UsEr\AppData\Local\Temp
TEMP=C:\Users\UsEr\AppData\Local\Temp




Periodic native trim disabled

---------------  S Y S T E M  ---------------

OS:
 Windows 10 , 64 bit Build 19041 (10.0.19041.5794)
OS uptime: 1 days 21:49 hours

CPU: total 8 (initial active 8) (4 cores per cpu, 2 threads per core) family 6 model 142 stepping 10 microcode 0xb4, cx8, cmov, fxsr, ht, mmx, 3dnowpref, sse, sse2, sse3, ssse3, sse4.1, sse4.2, popcnt, lzcnt, tsc, tscinvbit, avx, avx2, aes, erms, clmul, bmi1, bmi2, rtm, adx, fma, vzeroupper, clflush, clflushopt, rdtscp, f16c
Processor Information for all 8 processors :
  Max Mhz: 1896, Current Mhz: 1696, Mhz Limit: 1687

Memory: 4k page, system-wide physical 7797M (526M free)
TotalPageFile size 21901M (AvailPageFile size 2M)
current process WorkingSet (physical memory assigned to process): 576M, peak: 576M
current process commit charge ("private bytes"): 663M, peak: 668M

vm_info: Java HotSpot(TM) 64-Bit Server VM (22.0.2+9-70) for windows-amd64 JRE (22.0.2+9-70), built on 2024-06-04T16:52:23Z by "mach5one" with MS VC++ 17.6 (VS2022)

END.
